player_name,team_name,age,position,Apps,Mins,Goals,Assists,Yel,Red,SpG,PS%,AerialsWon,MoM,Rating,Tackles,Inter,Fouls,Offsides,Clear,Dribbles allowed,Blocks,OwnGoal,Key_pass_per_game,Dribble,Foul_given_game,Offside_given_per_game,Dispossessed_per_game,Unsuccessful touches,Average_per_pass,Crosses_per_game,Longpass_per_game,Through_ball_per_game,xG,xGDiff,xGPerNinety,totalShots,xGPerShot,position_1,position_2,position_3,position_4,position_5
Tjark Ernst,Hertha Berlin,21,GK,1,90,0,0,0,0,0.0,69.0,0.0,0,7.7,0.0,0.0,0.0,0.0,2.0,0.0,0.0,0,0.0,0.0,0.0,0.0,0.0,1.0,29.0,0.0,7.0,0.0,,,,,,GK,,,,
Jude Bellingham,Borussia Dortmund,20,"CM, LM, RM",30(1),2693,8,4,8,0,2.2,83.1,1.1,6,7.58,2.5,1.1,1.3,0.0,0.9,0.5,0.1,0,1.1,2.8,2.4,0.1,1.9,2.0,51.2,0.2,3.7,0.2,8.54,-0.54,0.29,67.0,0.13,CM, LM, RM,,
Joshua Kimmich,Bayern Munich,29,"CB, RB, CDM, RM",32(1),2815,5,6,4,1,0.8,89.7,0.5,4,7.47,2.4,1.2,0.7,0.0,1.1,1.0,0.2,0,2.6,0.4,1.5,0.0,0.8,0.8,75.5,2.2,4.8,0.3,2.01,2.99,0.06,28.0,0.07,CB, RB, CDM, RM,
Niclas Füllkrug,Werder Bremen,31,FW,28,2479,16,5,4,0,2.8,63.7,5.5,5,7.38,0.3,0.0,1.2,0.0,0.9,0.4,0.1,0,1.2,1.1,1.7,1.0,1.8,2.6,32.3,0.1,1.5,0.0,13.49,2.51,0.49,79.0,0.17,FW,,,,
Christopher Nkunku,RB Leipzig,26,"CM, LM, RM, FW",20(5),1899,16,4,4,0,3.0,81.8,0.7,8,7.35,0.2,0.3,0.7,0.0,0.4,0.2,0.1,0,1.6,1.5,1.5,0.5,1.5,1.8,23.8,0.2,1.2,0.2,15.7,0.3,0.74,74.0,0.21,CM, LM, RM, FW,
Jamal Musiala,Bayern Munich,21,"CM, LM, RM",26(7),2212,12,10,1,0,2.0,85.4,0.4,4,7.34,1.0,0.6,0.7,0.0,0.1,0.7,0.1,0,1.6,2.3,1.3,0.0,2.1,2.4,30.0,0.1,0.5,0.1,8.73,3.27,0.36,65.0,0.13,CM, LM, RM,,
Dominik Szoboszlai,RB Leipzig,23,"CAM, LAM, RAM",28(3),2453,6,8,3,2,1.9,83.0,0.2,4,7.32,1.5,0.5,0.8,0.0,0.7,0.8,0.1,0,2.3,1.7,1.3,0.1,1.1,1.8,45.2,1.5,2.5,0.3,4.88,1.12,0.18,59.0,0.08,CAM, LAM, RAM,,
Randal Kolo Muani,Eintracht Frankfurt,25,"CAM, LAM, RAM, FW",31(1),2648,15,11,4,1,2.4,67.0,1.9,10,7.29,0.4,0.1,1.6,0.0,0.4,0.3,0.1,0,1.3,2.2,2.2,0.7,2.0,3.4,19.3,0.1,0.4,0.1,14.91,0.09,0.51,77.0,0.19,CAM, LAM, RAM, FW,
Julian Brandt,Borussia Dortmund,28,"CM, LM, RM, FW",29(3),2412,9,8,2,0,1.3,83.8,0.3,3,7.28,0.9,0.5,0.3,0.0,0.3,1.0,0.0,0,2.3,1.3,0.7,0.2,1.1,1.6,37.0,1.5,1.8,0.1,4.84,4.16,0.18,42.0,0.12,CM, LM, RM, FW,
Raphaël Guerreiro,Borussia Dortmund,30,"LB, CM, LM",26(1),2296,4,12,4,0,1.2,85.1,0.2,3,7.27,1.3,1.3,0.3,0.3,0.8,0.5,0.1,0,2.1,1.0,0.4,0.1,0.7,1.0,56.7,1.1,1.5,0.1,2.57,1.43,0.1,33.0,0.08,LB, CM, LM,,
Vincenzo Grifo,Freiburg,31,"CAM, LAM",30(3),2427,15,5,2,0,2.0,78.8,0.5,5,7.27,0.9,0.6,0.2,0.0,0.4,0.5,0.0,0,1.7,1.3,0.9,0.2,0.8,1.3,35.7,1.0,2.3,0.2,11.6,3.4,0.43,66.0,0.18,CAM, LAM,,,
Jonas Hofmann,Borussia M.Gladbach,31,"RB, CM, LM, RM, FW",30(1),2693,12,9,2,0,1.5,80.9,0.4,7,7.25,1.0,0.5,0.5,0.0,0.4,1.2,0.1,0,3.2,0.5,1.3,0.7,1.1,1.4,41.8,2.4,1.5,0.3,7.74,4.26,0.26,45.0,0.17,RB, CM, LM, RM, FW
Sébastien Haller,Borussia Dortmund,29,FW,15(4),1232,9,3,1,0,1.8,70.5,2.2,1,7.21,0.3,0.1,0.7,0.0,0.5,0.2,0.0,0,0.8,0.5,0.7,0.2,0.8,0.9,16.1,0.0,0.2,0.0,9.31,-0.31,0.68,34.0,0.27,FW,,,,
Donyell Malen,Borussia Dortmund,25,"LAM, RAM, FW",22(4),1724,9,5,0,0,2.5,80.4,0.2,3,7.2,0.5,0.2,0.5,0.0,0.3,0.3,0.0,0,1.1,2.0,1.5,0.1,1.5,1.5,21.0,0.7,0.5,0.0,9.9,-0.9,0.52,64.0,0.15,LAM, RAM, FW,,
Julien Duranville,Borussia Dortmund,17,FW,0(1),28,0,0,0,0,1.0,77.8,0.0,0,7.2,1.0,0.0,1.0,0.0,0.0,0.0,0.0,0,2.0,3.0,1.0,0.0,0.0,1.0,9.0,3.0,0.0,0.0,0.02,-0.02,0.06,1.0,0.02,FW,,,,
Kingsley Coman,Bayern Munich,27,"LM, RM, FW",16(8),1421,8,5,0,1,2.0,84.7,0.5,4,7.2,0.5,0.1,0.4,0.0,0.3,0.4,0.0,0,1.8,2.0,0.9,0.2,0.8,2.0,29.9,0.9,0.8,0.1,4.93,3.07,0.31,49.0,0.1,LM, RM, FW,,
João Cancelo,Bayern Munich,29,"LB, RB, RM",11(4),1015,1,4,3,0,0.8,85.1,1.1,0,7.2,1.5,1.0,0.7,0.0,1.0,0.9,0.1,0,0.9,2.3,1.0,0.2,0.6,1.3,48.7,0.5,2.3,0.1,0.67,0.33,0.06,12.0,0.06,LB, RB, RM,,
Eric Choupo-Moting,Bayern Munich,35,"CM, LM, RM, FW",14(5),1117,10,2,0,0,1.6,77.6,0.9,3,7.19,0.5,0.0,0.2,0.0,0.3,0.1,0.0,0,0.8,1.1,0.4,0.6,0.8,1.7,15.1,0.1,0.3,0.1,7.34,2.66,0.59,31.0,0.24,CM, LM, RM, FW,
Benjamin Pavard,Bayern Munich,28,"CB, LB, RB, RM",27(3),2432,4,1,6,0,1.1,89.9,2.1,2,7.17,2.3,1.5,0.9,0.2,2.5,0.4,0.5,0,0.6,0.0,0.6,0.2,0.1,0.4,74.4,0.4,3.2,0.0,2.47,1.53,0.09,34.0,0.07,CB, LB, RB, RM,
Alphonso Davies,Bayern Munich,23,"LB, LM, RM",24(2),2049,1,4,0,0,0.7,87.2,0.2,2,7.14,1.7,0.9,0.3,0.2,0.7,0.8,0.2,0,1.7,2.7,1.0,0.1,1.0,1.9,53.0,0.3,1.4,0.0,1.89,-0.89,0.08,19.0,0.1,LB, LM, RM,,
Florian Wirtz,Bayer Leverkusen,21,"CAM, LAM, FW",11(6),1092,1,6,4,0,0.4,78.5,0.1,3,7.14,1.1,0.1,0.8,0.0,0.4,0.5,0.1,0,2.3,2.8,1.6,0.1,1.6,2.4,34.0,0.5,1.5,0.4,0.85,0.15,0.07,7.0,0.12,CAM, LAM, FW,,
Yann Sommer,Borussia M.Gladbach,35,GK,10,900,0,0,0,0,0.0,80.5,0.0,2,7.13,0.1,0.0,0.0,0.0,1.3,0.0,0.0,0,0.0,0.0,0.0,0.0,0.0,0.0,55.5,0.0,6.9,0.0,,,,,,GK,,,,
Thomas Müller,Bayern Munich,34,"CM, LM, RM, FW",21(6),1672,7,8,0,0,1.7,77.4,1.4,1,7.12,0.8,0.1,0.3,0.0,0.5,0.4,0.1,0,1.4,0.3,0.4,0.2,0.7,1.8,28.7,0.1,0.5,0.1,8.15,-1.15,0.44,47.0,0.17,CM, LM, RM, FW,
Jeff Chabot,FC Koln,26,CB,21,1806,0,2,3,0,0.7,82.7,4.3,2,7.12,1.7,2.0,1.4,0.5,4.9,0.7,0.9,0,0.2,0.2,1.0,0.1,0.1,0.2,56.1,0.0,2.2,0.0,1.31,-1.31,0.07,14.0,0.09,CB,,,,
Jeremie Frimpong,Bayer Leverkusen,23,"RB, RM",32(2),2723,8,7,4,0,1.1,81.2,0.4,4,7.12,1.6,0.5,0.6,0.1,0.9,0.6,0.1,0,1.3,2.5,1.7,0.2,1.4,2.6,27.5,0.5,0.5,0.0,7.57,0.43,0.25,38.0,0.2,RB, RM,,,
Michael Gregoritsch,Freiburg,30,"CAM, RAM, FW",27(3),2173,10,4,6,0,2.2,56.6,4.7,5,7.11,0.6,0.2,0.8,0.0,0.3,0.6,0.1,0,0.8,0.4,1.4,0.4,0.7,1.7,17.3,0.0,0.2,0.0,10.18,-0.18,0.42,67.0,0.15,CAM, RAM, FW,,
Serge Gnabry,Bayern Munich,28,"CAM, LAM, RAM, FW",22(12),1943,14,5,0,0,2.4,82.3,0.3,4,7.1,1.0,0.3,1.0,0.0,0.1,0.8,0.0,0,1.1,0.8,0.3,0.3,0.8,1.5,23.9,0.3,0.6,0.0,11.24,2.76,0.52,82.0,0.14,CAM, LAM, RAM, FW,
Marcus Thuram,Borussia M.Gladbach,26,"LAM, FW",28(2),2519,13,6,3,0,3.1,75.2,1.4,4,7.09,0.5,0.2,1.1,0.0,0.7,0.2,0.1,0,1.0,1.4,1.5,0.6,1.7,3.7,18.3,0.1,0.1,0.0,16.28,-3.28,0.58,92.0,0.18,LAM, FW,,,
Leroy Sané,Bayern Munich,28,"CM, LM, RM, FW",20(12),2012,8,7,4,0,2.4,82.8,0.2,1,7.09,1.2,0.1,0.5,0.0,0.0,0.6,0.0,0,1.1,2.3,0.7,0.2,1.9,1.9,32.8,0.1,0.8,0.1,9.51,-1.51,0.43,78.0,0.12,CM, LM, RM, FW,
Nico Schlotterbeck,Borussia Dortmund,24,CB,27(1),2255,4,5,3,0,0.6,86.8,2.1,0,7.09,2.1,1.1,0.6,1.0,2.4,0.6,0.8,0,0.5,0.4,0.6,0.0,0.3,0.5,67.4,0.0,5.3,0.1,1.7,2.3,0.07,18.0,0.09,CB,,,,
Frederik Winther,Augsburg,23,CB,1,90,0,1,0,0,0.0,62.9,6.0,0,7.08,2.0,0.0,0.0,0.0,7.0,2.0,1.0,0,1.0,0.0,0.0,0.0,0.0,0.0,35.0,0.0,4.0,0.0,,,,,,CB,,,,
Florian Kainz,FC Koln,31,"CM, LM, RM",31(1),2372,6,10,4,1,1.7,72.6,0.3,3,7.06,0.7,1.0,0.9,0.0,0.7,0.6,0.2,0,2.2,1.0,1.3,0.0,1.1,1.2,28.7,2.3,1.7,0.2,6.08,-0.08,0.23,54.0,0.11,CM, LM, RM,,
Moussa Diaby,Bayer Leverkusen,24,"CM, LM, RM, FW",33,2716,9,8,4,0,2.4,79.2,0.1,3,7.06,0.4,0.2,0.5,0.0,0.1,0.2,0.0,0,1.8,1.5,0.7,0.3,1.3,1.9,26.4,0.7,0.8,0.2,9.87,-0.87,0.33,80.0,0.12,CM, LM, RM, FW,
Willi Orbán,RB Leipzig,31,CB,33,2951,4,0,3,0,0.8,89.1,3.4,0,7.04,1.5,1.2,0.5,0.5,3.9,0.5,0.7,1,0.2,0.2,1.0,0.1,0.2,0.4,79.6,0.0,4.2,0.0,3.01,0.99,0.09,27.0,0.11,CB,,,,
Ellyes Skhiri,FC Koln,28,CDM,32,2857,7,1,5,0,1.0,88.4,1.3,2,7.04,2.5,1.8,1.1,0.0,1.3,1.3,0.4,0,0.8,0.8,0.3,0.1,0.6,0.8,52.7,0.1,2.1,0.0,5.43,1.57,0.17,32.0,0.17,CDM,,,,
Maximilian Arnold,Wolfsburg,29,"CM, RM",32,2775,5,3,5,0,1.1,83.2,1.0,2,7.02,1.9,0.8,1.0,0.1,1.9,0.8,0.3,1,1.3,0.3,2.0,0.0,0.7,0.6,45.9,1.2,5.2,0.2,4.67,0.33,0.15,34.0,0.14,CM, RM,,,
Frederik Rønnow,Union Berlin,31,GK,29,2610,0,0,2,0,0.0,66.8,0.3,3,7.01,0.0,0.0,0.0,0.0,0.9,0.2,0.0,0,0.0,0.0,0.1,0.0,0.0,0.0,40.3,0.0,9.0,0.0,,,,,,GK,,,,
Borna Sosa,VfB Stuttgart,26,"LB, LM",22(3),1961,2,7,5,0,0.6,82.2,0.6,2,7.01,1.1,0.8,0.5,0.2,1.4,0.4,0.2,0,2.7,0.7,0.5,0.0,0.6,0.8,41.0,3.2,1.8,0.0,0.93,1.07,0.04,15.0,0.06,LB, LM,,,
Philipp Hofmann,Bochum,31,FW,31(3),2643,8,2,5,0,1.5,58.9,6.3,3,7.0,0.5,0.2,1.4,0.0,1.4,0.2,0.2,0,0.8,0.3,1.2,0.5,1.1,1.5,21.6,0.0,0.3,0.0,8.44,-0.44,0.29,52.0,0.16,FW,,,,
Konstantinos Mavropanos,VfB Stuttgart,26,"CB, RB",26(2),2288,2,1,7,1,1.7,83.5,2.9,2,7.0,1.8,2.3,0.9,0.5,3.5,0.4,0.6,0,0.5,0.6,0.8,0.0,0.2,1.1,49.7,0.1,5.7,0.0,4.38,-2.38,0.17,48.0,0.09,CB, RB,,,
Paulo Otávio,Wolfsburg,29,"LB, LM",25,2051,0,5,7,0,0.8,75.2,1.1,1,7.0,2.9,1.2,1.0,0.4,2.5,0.9,0.2,1,0.9,0.9,1.6,0.0,0.3,1.1,36.8,0.8,1.6,0.1,0.7,-0.7,0.03,19.0,0.04,LB, LM,,,
Marvin Ducksch,Werder Bremen,30,"CAM, FW",34,2867,12,6,4,0,2.8,69.2,0.7,2,7.0,0.2,0.3,0.1,0.0,1.1,0.4,0.1,0,1.5,0.4,0.5,0.4,0.5,1.9,22.9,1.2,1.1,0.1,11.1,0.9,0.35,95.0,0.12,CAM, FW,,,
Patrick Wimmer,Wolfsburg,22,"LAM, RAM, FW",23(3),1665,4,8,7,0,1.2,65.5,0.8,0,6.99,1.5,0.6,1.6,0.0,0.4,1.0,0.1,0,1.4,1.0,1.2,0.3,1.2,1.9,17.6,0.7,0.4,0.1,3.81,0.19,0.21,31.0,0.12,LAM, RAM, FW,,
Jonas Hector,FC Koln,33,"LB, CM, LM",32,2826,0,2,3,0,0.8,79.7,1.8,1,6.99,3.5,1.2,0.7,0.3,2.1,1.5,0.3,0,1.0,1.0,2.4,0.0,0.6,1.1,44.7,0.5,2.0,0.0,1.14,-1.14,0.04,25.0,0.05,LB, CM, LM,,
Danilho Doekhi,Union Berlin,25,CB,25,2218,5,1,0,0,0.7,80.0,2.4,4,6.99,1.5,1.2,0.8,0.2,3.6,0.5,0.5,0,0.3,0.1,0.6,0.0,0.1,0.3,37.7,0.0,2.0,0.0,1.84,3.16,0.07,17.0,0.11,CB,,,,
Mats Hummels,Borussia Dortmund,35,CB,24(6),2022,1,0,4,0,0.6,87.7,2.4,0,6.98,2.1,1.1,0.6,0.5,3.2,0.8,0.5,0,0.4,0.2,0.6,0.1,0.3,0.1,55.4,0.2,5.0,0.1,2.03,-1.03,0.09,17.0,0.12,CB,,,,
Wataru Endo,VfB Stuttgart,31,CDM,33,2925,5,4,3,0,1.4,79.7,2.3,1,6.97,2.1,0.8,1.2,0.0,1.8,1.4,0.2,0,1.4,0.8,1.7,0.1,1.6,1.7,44.3,0.1,2.5,0.2,4.49,0.51,0.14,45.0,0.1,CDM,,,,
Ørjan Nyland,RB Leipzig,33,GK,2,180,0,1,0,0,0.0,74.2,0.0,0,6.97,0.0,0.0,0.0,0.0,0.0,0.0,0.0,0,0.5,0.0,0.0,0.0,0.0,0.0,44.5,0.0,8.5,0.0,,,,,,GK,,,,
Ludovic Ajorque,Mainz 05,30,FW,15(2),1220,6,1,5,0,1.9,59.4,5.4,2,6.97,0.4,0.1,1.4,0.0,0.5,0.5,0.1,0,0.8,0.4,1.1,0.3,0.8,2.7,23.9,0.1,0.8,0.0,4.35,1.65,0.32,32.0,0.14,FW,,,,
Ramy Bensebaïni,Borussia M.Gladbach,29,"CB, LB, CDM, LM",28,2487,6,1,5,1,1.5,77.8,2.5,1,6.96,1.2,1.3,0.9,0.4,3.2,0.5,0.5,1,0.5,0.4,1.6,0.1,0.6,1.3,44.3,0.2,2.0,0.2,5.73,0.27,0.21,41.0,0.14,CB, LB, CDM, LM,
Matthias Ginter,Freiburg,30,"CB, RB, CDM",34,3060,4,1,3,0,0.6,82.9,3.5,1,6.95,1.3,1.0,0.7,0.3,4.4,0.4,0.7,0,0.4,0.1,0.8,0.0,0.1,0.4,55.4,0.0,4.3,0.0,2.51,1.5,0.07,21.0,0.12,CB, RB, CDM,,
Ralf Fährmann,Schalke 04,35,GK,12,1026,0,0,0,0,0.0,65.5,0.2,0,6.94,0.1,0.0,0.0,0.0,1.3,0.0,0.0,0,0.0,0.0,0.1,0.0,0.0,0.0,32.6,0.0,9.3,0.0,,,,,,GK,,,,
Diant Ramaj,Eintracht Frankfurt,22,GK,1,90,0,0,0,0,0.0,77.8,1.0,0,6.94,0.0,0.0,0.0,0.0,2.0,0.0,0.0,0,0.0,0.0,0.0,0.0,0.0,0.0,18.0,0.0,2.0,0.0,,,,,,GK,,,,
Mitchell Weiser,Werder Bremen,30,"RB, RM",29(1),2520,2,9,7,0,0.9,70.0,0.8,2,6.93,2.4,0.9,1.2,0.1,1.0,1.2,0.2,0,1.3,1.4,1.9,0.2,1.4,2.7,33.0,0.9,1.8,0.2,2.93,-0.93,0.1,28.0,0.1,RB, RM,,,
Matthijs de Ligt,Bayern Munich,24,CB,27(4),2405,3,1,4,0,0.7,91.3,3.1,0,6.93,1.0,0.7,0.6,0.6,2.6,0.3,0.6,0,0.2,0.0,0.5,0.1,0.1,0.4,66.9,0.0,3.2,0.0,1.31,1.69,0.05,23.0,0.06,CB,,,,
Dani Olmo,RB Leipzig,25,"CAM, LAM, RAM, FW",15(8),1285,2,5,2,0,1.9,77.4,0.3,2,6.92,0.7,0.3,0.7,0.0,0.2,0.3,0.0,0,1.7,1.7,1.7,0.0,1.3,2.0,25.0,0.1,0.8,0.5,2.68,-0.68,0.19,43.0,0.06,CAM, LAM, RAM, FW,
Christoph Baumgartner,Hoffenheim,24,"CAM, LAM, RAM, FW",33,2582,7,3,7,0,2.0,68.3,2.2,1,6.91,1.1,0.5,2.0,0.0,0.5,1.3,0.2,0,0.7,1.6,1.5,0.3,1.1,2.5,25.6,0.2,1.0,0.1,7.31,-0.31,0.25,66.0,0.11,CAM, LAM, RAM, FW,
Sheraldo Becker,Union Berlin,29,"CAM, LAM, RAM, FW",33(1),2582,11,7,4,0,2.0,68.9,0.5,3,6.91,0.4,0.1,0.9,0.0,0.2,0.3,0.0,0,1.3,0.8,0.8,0.7,1.0,1.8,14.7,1.0,0.6,0.0,5.8,5.2,0.2,67.0,0.09,CAM, LAM, RAM, FW,
Michael Zetterer,Werder Bremen,28,GK,1(1),151,0,0,0,0,0.0,62.5,0.5,0,6.91,0.0,0.0,0.0,0.0,0.5,0.0,0.0,0,0.0,0.0,0.0,0.0,0.0,0.0,24.0,0.0,8.5,0.0,,,,,,GK,,,,
Rodrigo Zalazar,Schalke 04,24,"CM, RM",15(7),1326,1,6,4,0,1.7,68.6,1.1,3,6.9,0.7,0.3,1.0,0.0,0.5,0.7,0.0,0,1.6,1.6,1.6,0.2,1.4,2.4,13.9,1.8,0.7,0.2,3.23,-2.23,0.22,38.0,0.08,CM, RM,,,
Ritsu Doan,Freiburg,25,"CM, LM, RM, FW",30(3),2445,5,4,3,0,1.7,72.2,0.3,0,6.9,1.8,0.4,0.9,0.0,0.3,0.9,0.0,0,0.8,1.5,1.6,0.2,1.6,2.3,17.9,0.3,0.5,0.0,6.73,-1.73,0.25,57.0,0.12,CM, LM, RM, FW,
Finn Dahmen,Mainz 05,26,GK,8,720,0,0,0,0,0.0,60.7,0.9,2,6.9,0.0,0.0,0.0,0.0,0.5,0.0,0.0,0,0.0,0.0,0.0,0.0,0.0,0.0,30.3,0.0,7.0,0.0,,,,,,GK,,,,
Timo Hübers,FC Koln,27,CB,28(1),2558,3,0,8,0,0.5,82.4,3.3,1,6.89,1.5,2.0,1.1,0.6,5.1,1.0,0.4,1,0.1,0.2,0.8,0.0,0.1,0.3,58.4,0.0,3.2,0.0,1.63,1.37,0.06,15.0,0.11,CB,,,,
Leon Goretzka,Bayern Munich,29,"CM, RM",22(5),1738,3,2,5,0,1.5,82.8,1.7,1,6.89,1.6,1.1,0.9,0.0,1.1,0.8,0.1,0,0.8,0.3,0.7,0.1,0.4,0.7,36.8,0.0,1.1,0.1,4.39,-1.39,0.23,40.0,0.11,CM, RM,,,
Julian Ryerson,Union Berlin,26,"LB, RB, CM, LM, RM",12(1),1042,0,0,2,0,1.2,73.5,0.4,0,6.88,2.2,0.9,1.2,0.0,1.2,0.8,0.2,0,0.6,1.4,0.9,0.1,1.1,0.8,26.1,0.7,1.2,0.1,0.81,-0.81,0.07,16.0,0.05,LB, RB, CM, LM, RM
Emre Can,Borussia Dortmund,30,"CB, LB, RB, CDM",20(7),1896,2,1,8,0,0.6,89.7,1.1,1,6.88,2.1,0.9,1.1,0.1,1.4,0.8,0.2,0,0.7,0.5,1.0,0.0,0.4,0.6,47.3,0.0,2.6,0.1,1.57,0.43,0.07,16.0,0.1,CB, LB, RB, CDM,
Lucas Tousart,Hertha Berlin,27,CDM,33,2948,5,2,1,0,1.3,61.7,2.8,3,6.87,2.2,1.5,1.1,0.1,2.0,1.0,0.2,0,0.5,0.7,1.3,0.0,0.8,1.5,25.8,0.1,0.8,0.0,3.47,1.53,0.11,43.0,0.08,CDM,,,,
Andreas Hanche-Olsen,Mainz 05,27,"CB, RB",17,1497,1,2,5,0,0.4,71.9,4.1,0,6.87,2.1,1.9,1.3,0.3,4.3,1.0,0.5,0,0.3,0.2,0.5,0.0,0.4,0.7,43.7,0.0,3.1,0.0,0.38,0.62,0.02,7.0,0.05,CB, RB,,,
Robin Knoche,Union Berlin,31,CB,32,2874,2,3,4,0,0.3,81.3,1.8,1,6.87,1.4,1.2,0.4,0.4,4.3,0.7,0.6,0,0.2,0.3,0.7,0.0,0.2,0.5,50.9,0.2,4.6,0.0,2.44,-0.44,0.08,10.0,0.24,CB,,,,
Sasa Kalajdzic,VfB Stuttgart,26,FW,3,235,0,3,1,0,1.7,63.5,3.0,0,6.87,1.0,0.0,2.0,0.0,0.0,0.7,0.0,0,2.0,0.0,0.3,0.0,1.0,1.7,21.0,0.0,1.3,0.3,0.3,-0.3,0.12,5.0,0.06,FW,,,,
Marc Oliver Kempf,Hertha Berlin,29,CB,31,2713,1,0,5,0,0.5,78.0,4.3,1,6.87,1.4,1.6,0.9,0.9,4.5,0.2,1.0,0,0.3,0.4,0.8,0.0,0.2,0.5,41.8,0.0,2.2,0.1,2.08,-1.08,0.07,16.0,0.13,CB,,,,
Noussair Mazraoui,Bayern Munich,26,"LB, RB",11(8),1072,1,4,0,0,0.4,86.9,0.9,0,6.86,1.5,0.5,0.8,0.2,1.1,0.5,0.1,0,1.0,0.9,0.6,0.2,0.3,0.6,38.9,0.2,0.5,0.1,0.73,0.27,0.06,8.0,0.09,LB, RB,,,
Konrad Laimer,RB Leipzig,26,"RB, CM, RM",17(4),1474,3,0,8,0,1.0,80.5,0.1,1,6.86,2.9,0.9,1.4,0.0,0.3,1.1,0.2,0,0.8,1.5,1.0,0.1,1.0,1.7,34.6,0.1,1.2,0.1,2.71,0.29,0.17,20.0,0.14,RB, CM, RM,,
Felix Nmecha,Wolfsburg,23,CM,19(11),1841,3,5,3,0,1.2,76.7,1.5,1,6.86,1.4,0.8,1.0,0.0,1.0,0.6,0.3,0,0.7,0.9,1.3,0.0,0.4,1.4,23.0,0.0,1.2,0.1,4.09,-1.09,0.2,37.0,0.11,CM,,,,
Karim Adeyemi,Borussia Dortmund,22,"LAM, RAM, FW",20(4),1399,6,5,9,0,1.6,77.2,0.4,1,6.86,0.7,0.3,0.9,0.0,0.1,0.9,0.0,0,1.2,1.4,1.3,0.0,1.1,1.8,17.4,0.0,0.4,0.1,5.34,0.66,0.34,38.0,0.14,LAM, RAM, FW,,
Sadio Mané,Bayern Munich,32,"CAM, LAM, RAM, FW",18(7),1432,7,5,2,0,2.2,76.4,0.9,0,6.86,0.4,0.0,0.6,0.0,0.1,0.3,0.1,0,1.0,1.0,1.0,0.8,0.6,2.1,15.4,0.3,0.2,0.0,10.84,-3.84,0.68,55.0,0.2,CAM, LAM, RAM, FW,
Anton Stach,Mainz 05,25,CM,22(8),2078,1,4,4,0,1.2,72.2,2.4,1,6.85,0.9,1.4,0.9,0.0,0.8,0.7,0.1,0,1.0,0.8,1.3,0.1,0.5,1.5,27.5,0.6,1.0,0.2,2.27,-1.27,0.1,36.0,0.06,CM,,,,
Dodi Lukébakio,Hertha Berlin,26,"CAM, LAM, RAM, FW",27(5),2407,11,3,8,0,2.0,73.9,0.5,3,6.85,0.6,0.4,1.0,0.0,0.5,0.7,0.2,0,0.9,2.1,1.8,0.5,1.5,2.6,17.0,0.5,0.9,0.0,9.82,1.18,0.37,64.0,0.15,CAM, LAM, RAM, FW,
Robert Andrich,Bayer Leverkusen,29,"CB, CM",28(1),2409,2,2,8,0,1.0,83.9,1.9,0,6.85,2.1,1.4,1.2,0.1,1.8,0.7,0.3,1,0.6,0.1,0.7,0.0,0.1,0.7,49.8,0.1,1.8,0.0,1.71,0.29,0.06,30.0,0.06,CB, CM,,,
Lucas Höler,Freiburg,29,"CAM, LAM, RAM, FW",16(10),1508,5,2,1,0,1.2,66.3,2.7,2,6.84,0.7,0.4,0.8,0.0,0.7,0.6,0.2,0,0.5,0.4,1.4,0.3,0.5,1.1,18.0,0.0,0.3,0.0,3.31,1.69,0.2,30.0,0.11,CAM, LAM, RAM, FW,
Kevin Stöger,Bochum,30,"CM, LM",29(3),2610,5,3,3,0,1.5,74.2,0.3,2,6.84,2.6,0.8,1.3,0.1,0.6,2.0,0.1,0,2.1,0.7,1.7,0.0,1.1,1.3,44.3,1.3,3.0,0.2,4.06,0.94,0.14,48.0,0.08,CM, LM,,,
Kevin Behrens,Union Berlin,33,FW,17(16),1536,8,1,6,0,1.1,59.6,5.4,4,6.83,0.3,0.2,1.1,0.0,0.7,0.4,0.1,0,0.6,0.4,0.8,0.4,0.6,1.4,14.2,0.1,0.3,0.1,5.18,2.82,0.3,35.0,0.15,FW,,,,
Jan Olschowsky,Borussia M.Gladbach,22,GK,4,360,0,0,0,0,0.0,79.1,0.0,0,6.83,0.0,0.0,0.0,0.0,0.5,0.3,0.0,0,0.0,0.0,0.0,0.0,0.0,0.0,33.5,0.0,4.0,0.0,,,,,,GK,,,,
Georginio Rutter,Hoffenheim,22,"CAM, FW",11(4),1010,2,2,2,0,1.8,63.9,0.7,1,6.83,0.5,0.3,1.1,0.0,0.4,0.1,0.1,0,0.7,2.3,1.3,1.1,1.7,3.1,9.8,0.1,0.5,0.0,3.61,-1.61,0.32,27.0,0.13,CAM, FW,,,
Ihlas Bebou,Hoffenheim,30,"CM, LM, RM, FW",17(2),1423,7,0,2,0,1.5,68.3,1.5,3,6.83,1.0,0.4,1.2,0.0,0.8,0.3,0.1,0,0.8,1.4,0.5,0.4,0.9,3.2,17.6,0.0,0.5,0.0,4.92,2.08,0.31,29.0,0.17,CM, LM, RM, FW,
Manuel Neuer,Bayern Munich,38,GK,12,1080,0,0,0,0,0.2,87.0,0.3,0,6.82,0.0,0.0,0.0,0.0,0.7,0.0,0.0,0,0.0,0.0,0.1,0.0,0.0,0.1,35.2,0.0,5.9,0.0,0.16,-0.16,0.01,2.0,0.08,GK,,,,
Karim Onisiwo,Mainz 05,32,"CAM, LAM, RAM, FW",28(3),2549,10,2,4,0,2.2,60.1,1.8,2,6.82,0.6,0.1,1.6,0.0,0.2,0.5,0.0,0,1.1,1.2,1.1,0.7,1.6,3.6,17.5,0.4,0.2,0.1,7.65,2.35,0.27,68.0,0.11,CAM, LAM, RAM, FW,
Soichiro Kozuki,Schalke 04,23,"CAM, RAM",5,383,1,0,1,0,2.8,68.1,0.6,0,6.82,1.2,0.6,1.4,0.0,0.6,0.4,0.0,0,0.8,1.2,1.0,0.0,1.6,1.8,13.8,0.8,0.8,0.0,1.34,-0.34,0.32,14.0,0.1,CAM, RAM,,,
Timo Werner,RB Leipzig,28,"CAM, LAM, RAM, FW",23(4),1948,9,3,2,0,2.3,76.6,0.2,4,6.82,0.4,0.3,0.3,0.0,0.1,0.3,0.0,0,0.7,1.0,0.5,0.9,0.8,2.0,23.4,0.1,0.6,0.1,9.72,-0.72,0.45,61.0,0.16,CAM, LAM, RAM, FW,
Exequiel Palacios,Bayer Leverkusen,25,CM,19(6),1656,4,2,4,0,0.8,85.4,0.5,3,6.82,2.4,1.3,0.9,0.0,1.0,0.8,0.1,0,0.6,0.4,1.6,0.0,1.0,0.8,47.4,0.1,1.3,0.0,2.87,1.13,0.16,20.0,0.14,CM,,,,
Marius Wolf,Borussia Dortmund,28,"RB, CM, LM, RM",17(8),1570,1,1,2,0,0.9,80.0,0.2,3,6.81,1.0,0.7,0.5,0.2,0.8,0.5,0.4,0,0.9,1.4,0.9,0.1,0.5,1.1,34.0,0.6,2.1,0.1,1.13,-0.13,0.07,23.0,0.05,RB, CM, LM, RM,
Aurélio Buta,Eintracht Frankfurt,27,"RB, RM",15(3),1325,3,2,3,0,0.5,77.9,1.2,0,6.81,1.8,0.5,1.7,0.2,1.7,0.7,0.1,0,1.0,0.6,0.9,0.1,0.5,1.3,29.9,0.7,0.9,0.0,0.6,2.4,0.04,9.0,0.07,RB, RM,,,
Manu Koné,Borussia M.Gladbach,22,CDM,30,2620,1,1,12,0,0.9,87.3,0.5,0,6.81,2.5,1.1,1.7,0.1,0.7,0.8,0.4,0,0.7,1.9,2.5,0.0,1.7,2.7,45.3,0.0,0.9,0.0,1.03,-0.03,0.04,26.0,0.04,CDM,,,,
Philipp Lienhart,Freiburg,27,CB,27(2),2498,1,0,3,0,0.6,85.4,2.2,1,6.81,1.0,1.2,0.6,0.3,3.2,0.5,0.5,0,0.1,0.1,1.1,0.0,0.0,0.7,54.9,0.0,4.1,0.0,1.04,-0.04,0.04,17.0,0.06,CB,,,,
Lukas Kübler,Freiburg,31,"CB, LB, RB, RM",19(3),1648,2,1,1,0,0.4,70.1,1.1,0,6.81,1.7,1.3,0.8,0.1,2.1,0.5,0.5,0,0.3,0.2,0.7,0.0,0.1,0.6,30.7,0.3,1.8,0.0,0.95,1.05,0.05,9.0,0.11,CB, LB, RB, RM,
Lars Stindl,Borussia M.Gladbach,35,"CM, LM, RM, FW",20(9),1745,8,7,9,0,1.7,81.6,0.3,0,6.81,0.8,0.4,1.0,0.0,0.6,0.6,0.2,0,1.4,0.3,1.3,0.3,0.9,1.1,25.9,0.3,1.0,0.2,5.47,2.53,0.28,50.0,0.11,CM, LM, RM, FW,
Daichi Kamada,Eintracht Frankfurt,27,"CAM, LAM, RAM, FW",25(7),2271,9,6,3,0,1.4,83.3,0.6,2,6.8,1.6,0.5,1.3,0.0,0.5,0.8,0.1,0,1.1,0.5,0.8,0.2,0.8,1.0,37.2,0.4,1.5,0.1,9.03,-0.03,0.36,44.0,0.21,CAM, LAM, RAM, FW,
Rafal Gikiewicz,Augsburg,36,GK,23,2070,0,0,3,0,0.0,71.0,0.3,3,6.8,0.1,0.0,0.0,0.0,1.2,0.0,0.0,0,0.0,0.0,0.2,0.0,0.0,0.1,44.5,0.0,9.6,0.0,,,,,,GK,,,,
Tomás Koubek,Augsburg,31,GK,11,990,0,0,0,0,0.0,65.2,0.7,1,6.8,0.0,0.0,0.0,0.0,1.0,0.0,0.0,0,0.0,0.0,0.1,0.0,0.0,0.0,42.0,0.0,9.0,0.0,,,,,,GK,,,,
Mark Flekken,Freiburg,30,GK,34,3060,0,0,0,0,0.0,68.5,0.2,2,6.8,0.0,0.0,0.0,0.0,0.6,0.0,0.0,0,0.1,0.1,0.1,0.0,0.0,0.0,39.4,0.0,9.7,0.0,,,,,,GK,,,,
Niklas Süle,Borussia Dortmund,28,"CB, RB",23(6),2116,2,3,2,0,1.1,91.3,1.1,0,6.8,0.9,0.6,0.3,0.7,1.8,0.3,0.7,0,0.6,0.3,0.2,0.0,0.3,0.3,61.4,0.1,4.4,0.0,2.38,-0.38,0.1,33.0,0.07,CB, RB,,,
Julian Ryerson,Borussia Dortmund,26,"LB, RB, CM, LM, RM",17,1417,1,0,2,0,0.6,83.6,0.8,0,6.8,2.2,0.9,1.2,0.0,1.2,0.8,0.2,0,0.6,1.4,0.9,0.1,1.1,0.8,26.1,0.7,1.2,0.1,0.81,-0.81,0.07,16.0,0.05,LB, RB, CM, LM, RM
Nicolas Höfler,Freiburg,34,"CB, CDM",32,2822,0,1,9,1,0.7,83.2,2.2,1,6.79,2.1,1.8,2.1,0.1,1.4,1.1,0.4,0,0.2,0.5,1.6,0.0,0.4,1.0,43.1,0.0,1.5,0.0,1.38,-1.38,0.04,21.0,0.07,CB, CDM,,,
Gregor Kobel,Borussia Dortmund,26,GK,27,2430,0,0,0,0,0.0,81.1,0.2,1,6.79,0.0,0.0,0.0,0.0,0.5,0.0,0.0,1,0.0,0.0,0.1,0.0,0.0,0.0,34.3,0.0,5.7,0.0,,,,,,GK,,,,
Florian Niederlechner,Augsburg,33,"CAM, RAM, FW",10(4),912,4,1,1,0,2.0,60.4,2.1,0,6.79,0.7,0.1,0.9,0.0,0.6,0.2,0.1,0,0.4,0.4,0.9,0.6,0.8,1.1,13.7,0.0,0.1,0.0,3.05,0.95,0.3,28.0,0.11,CAM, RAM, FW,,
Josip Juranovic,Union Berlin,28,"LB, RB, RM",10(2),932,2,1,0,0,0.6,69.4,0.3,1,6.79,0.8,0.5,0.2,0.3,1.6,0.9,0.3,0,1.8,0.6,0.3,0.3,0.3,0.5,25.6,1.9,1.4,0.0,1.27,0.73,0.12,7.0,0.18,LB, RB, RM,,
Lee Jae-Sung,Mainz 05,31,"CAM, LAM, RAM, FW",24(10),1904,7,4,2,0,1.0,74.4,1.1,3,6.78,1.1,0.5,0.5,0.0,0.4,0.6,0.1,0,0.8,0.7,0.7,0.2,0.7,1.3,21.8,0.2,0.6,0.0,4.29,2.71,0.2,35.0,0.12,CAM, LAM, RAM, FW,
Koen Casteels,Wolfsburg,31,GK,34,3060,0,0,0,0,0.0,74.0,0.1,2,6.78,0.0,0.0,0.0,0.0,0.6,0.0,0.0,0,0.0,0.0,0.1,0.0,0.0,0.0,41.2,0.0,10.6,0.0,0.05,-0.05,0.0,1.0,0.05,GK,,,,
Christopher Trimmel,Union Berlin,37,"CB, RB, RM",20(5),1811,0,6,1,0,0.6,66.8,0.9,0,6.77,1.2,1.0,0.7,0.1,1.8,0.4,0.0,0,1.4,0.3,0.3,0.0,0.3,0.5,25.3,1.7,1.2,0.0,0.8,-0.8,0.04,14.0,0.06,CB, RB, RM,,
Serhou Guirassy,VfB Stuttgart,28,"LAM, FW",20(2),1653,11,0,2,1,2.2,74.3,1.9,1,6.76,0.2,0.0,0.8,0.0,0.6,0.0,0.1,0,0.9,0.6,2.0,0.5,0.9,2.4,20.0,0.0,0.4,0.0,12.28,-1.28,0.67,49.0,0.25,LAM, FW,,,
Benjamin Henrichs,RB Leipzig,27,"LB, RB, CDM, LM, RM",23(7),2188,2,2,8,0,1.0,78.2,0.8,0,6.76,2.4,1.2,1.2,0.0,1.3,0.8,0.1,0,0.7,0.7,0.9,0.1,0.6,1.1,43.4,0.5,1.6,0.1,1.56,0.44,0.06,31.0,0.05,LB, RB, CDM, LM, RM
Ermedin Demirovic,Augsburg,26,"CAM, LAM, FW",30,2383,8,4,7,1,2.1,51.0,2.2,2,6.76,1.0,0.5,1.6,0.0,1.2,0.4,0.1,0,1.0,0.6,1.0,0.4,1.1,1.8,16.8,0.2,0.1,0.1,8.45,-0.45,0.32,64.0,0.13,CAM, LAM, FW,,
Stefan Bell,Mainz 05,32,"CB, RB",26(4),2395,0,0,9,0,0.2,77.0,3.4,1,6.76,1.4,1.5,1.6,0.3,4.4,0.7,0.5,0,0.3,0.2,0.4,0.1,0.1,0.4,40.8,0.0,3.3,0.0,1.01,-1.01,0.04,7.0,0.14,CB, RB,,,
Abdou Diallo,RB Leipzig,27,"CB, LB",5(3),476,1,0,2,0,0.5,85.1,1.5,0,6.76,0.8,1.0,0.4,0.5,2.5,0.3,0.6,0,0.1,0.4,0.3,0.1,0.8,0.4,47.1,0.0,3.1,0.1,0.23,0.77,0.04,4.0,0.06,CB, LB,,,
Ko Itakura,Borussia M.Gladbach,27,"CB, CDM",22(2),1982,0,2,1,2,0.5,91.0,1.8,0,6.76,1.2,1.1,0.5,0.9,3.8,0.6,1.0,0,0.2,0.3,0.6,0.0,0.1,0.4,65.0,0.0,1.9,0.0,0.49,-0.49,0.02,11.0,0.04,CB, CDM,,,
Leandro Barreiro,Mainz 05,24,CDM,25(6),2144,4,3,5,0,1.0,69.0,1.3,2,6.75,1.9,1.3,1.5,0.0,1.1,0.9,0.4,0,0.5,0.2,1.1,0.1,0.4,1.3,17.7,0.0,0.4,0.0,3.76,0.24,0.16,32.0,0.12,CDM,,,,
Gabriel Vidovic,Bayern Munich,20,LAM,0(1),18,0,1,0,0,0.0,76.9,0.0,0,6.74,0.0,0.0,0.0,0.0,0.0,0.0,0.0,0,2.0,0.0,0.0,0.0,0.0,0.0,13.0,0.0,0.0,0.0,,,,,,LAM,,,,
Hrvoje Smolcic,Eintracht Frankfurt,23,CB,4(5),467,0,0,0,0,0.3,80.7,3.0,1,6.73,0.9,0.7,0.0,0.6,4.0,0.6,0.4,0,0.0,0.2,0.6,0.0,0.1,0.3,39.2,0.0,1.7,0.0,0.17,-0.17,0.03,3.0,0.06,CB,,,,
Ridle Baku,Wolfsburg,26,"RB, CM, RM",29(4),2582,5,3,6,0,0.8,78.9,0.7,1,6.73,1.5,0.6,0.8,0.2,1.6,0.8,0.2,0,0.8,0.7,1.0,0.1,0.6,1.8,37.6,0.6,2.0,0.0,3.11,1.89,0.11,28.0,0.11,RB, CM, RM,,
Moritz Jenz,Schalke 04,25,CB,11,946,0,0,5,0,0.9,76.7,3.1,0,6.73,1.3,0.7,1.7,0.3,4.5,0.3,0.9,0,0.1,0.1,0.5,0.2,0.2,0.8,44.2,0.1,4.4,0.0,0.74,-0.74,0.07,10.0,0.07,CB,,,,
Angeliño,Hoffenheim,27,"LB, LM",30(3),2622,0,9,2,0,0.6,68.2,0.5,1,6.73,1.2,0.8,0.4,0.1,1.6,0.4,0.2,0,1.5,0.4,0.9,0.2,0.5,0.8,32.5,1.6,2.4,0.0,0.94,-0.94,0.03,21.0,0.04,LB, LM,,,
Marcin Kaminski,Schalke 04,32,CB,7(1),631,2,0,0,0,0.5,82.4,3.6,0,6.73,0.8,1.1,0.1,0.8,3.5,0.3,0.9,0,0.3,0.1,0.0,0.0,0.1,0.5,38.4,0.1,3.5,0.0,0.31,1.69,0.04,4.0,0.08,CB,,,,
Marius Bülter,Schalke 04,31,"RB, CM, LM, RM, FW",30(3),2605,11,1,5,0,2.1,64.2,1.3,2,6.72,0.7,0.3,0.8,0.0,0.5,0.6,0.0,0,1.2,1.0,1.5,0.2,0.8,2.5,18.7,0.8,0.5,0.1,8.67,2.33,0.3,68.0,0.13,RB, CM, LM, RM, FW
Tuta,Eintracht Frankfurt,24,CB,30(1),2717,2,1,8,0,0.5,80.4,1.6,1,6.72,1.7,1.6,1.1,0.5,4.1,0.8,0.5,0,0.2,0.4,0.6,0.0,0.4,0.9,59.1,0.1,2.7,0.0,2.02,-0.02,0.07,17.0,0.12,CB,,,,
Ivan Ordets,Bochum,31,CB,28(2),2450,0,0,4,0,0.6,72.9,4.6,0,6.72,1.0,1.9,1.1,0.5,4.5,0.4,0.6,0,0.3,0.1,0.8,0.1,0.1,0.3,33.1,0.0,2.1,0.0,1.49,-1.49,0.05,17.0,0.09,CB,,,,
Junior Dina Ebimbe,Eintracht Frankfurt,23,"CM, LM, RM",10(9),1061,3,1,4,0,1.4,72.7,1.2,1,6.71,1.6,0.6,0.8,0.0,1.0,0.9,0.3,0,0.5,0.9,0.6,0.1,0.8,1.4,23.3,0.1,0.7,0.0,3.1,-0.1,0.26,26.0,0.12,CM, LM, RM,,
Dayot Upamecano,Bayern Munich,25,CB,27(2),2348,0,1,6,1,0.2,90.8,1.6,0,6.71,2.2,0.9,1.0,0.4,2.4,0.6,0.2,0,0.2,0.3,0.5,0.0,0.3,0.7,79.5,0.0,4.7,0.0,0.85,-0.85,0.03,7.0,0.12,CB,,,,
Luca Pellegrini,Eintracht Frankfurt,25,"LB, LM",7(2),559,0,0,1,0,1.6,72.7,0.6,0,6.71,1.4,0.8,0.9,0.2,1.2,0.0,0.2,0,0.9,1.2,0.9,0.0,0.6,0.8,32.6,0.9,2.4,0.1,0.54,-0.54,0.09,14.0,0.04,LB, LM,,,
John Anthony Brooks,Hoffenheim,31,CB,15,1350,0,0,4,0,0.5,81.0,4.3,0,6.71,1.2,0.7,1.4,0.4,6.9,0.3,0.8,0,0.0,0.1,0.9,0.1,0.1,0.1,51.3,0.0,3.7,0.0,0.31,-0.31,0.02,7.0,0.04,CB,,,,
Jakub Kaminski,Wolfsburg,21,"LM, RM",25(6),2074,4,2,0,0,1.3,76.4,0.4,1,6.7,1.2,0.3,0.3,0.1,0.4,0.6,0.1,0,0.9,0.9,0.4,0.1,1.0,1.8,19.0,0.3,0.6,0.1,5.58,-1.58,0.24,39.0,0.14,LM, RM,,,
Marco Richter,Hertha Berlin,26,"CM, LM, RM, FW",21(8),1844,6,5,8,0,1.7,67.3,0.4,2,6.7,1.5,0.8,1.2,0.0,0.6,1.0,0.1,0,0.7,1.2,1.1,0.2,1.2,2.0,20.0,0.5,1.2,0.0,3.59,2.41,0.18,49.0,0.07,CM, LM, RM, FW,
Kevin Akpoguma,Hoffenheim,29,"CB, RB, RM",21(7),1952,0,0,11,0,0.3,79.8,2.0,0,6.7,2.7,0.9,1.2,0.4,2.2,0.5,0.6,0,0.2,0.3,0.7,0.0,0.3,0.6,35.3,0.1,1.9,0.0,0.49,-0.49,0.02,8.0,0.06,CB, RB, RM,,
Oliver Baumann,Hoffenheim,33,GK,34,3060,0,0,2,0,0.0,72.3,0.5,2,6.7,0.0,0.0,0.0,0.0,0.9,0.0,0.0,0,0.0,0.0,0.0,0.0,0.0,0.0,36.6,0.0,7.4,0.0,,,,,,GK,,,,
Jonas Omlin,Borussia M.Gladbach,30,GK,15,1291,0,0,0,0,0.0,78.6,0.3,1,6.7,0.1,0.0,0.0,0.0,0.9,0.1,0.0,0,0.1,0.0,0.1,0.0,0.0,0.0,44.3,0.0,6.1,0.0,,,,,,GK,,,,
Anthony Losilla,Bochum,38,"CB, CDM",31,2725,2,2,6,1,0.9,68.3,3.0,1,6.7,2.5,1.2,1.5,0.0,2.1,1.3,0.4,0,0.5,0.3,0.5,0.1,0.3,0.8,30.6,0.1,1.2,0.0,2.35,-0.35,0.08,27.0,0.09,CB, CDM,,,
Xaver Schlager,RB Leipzig,26,CM,16(6),1505,1,1,2,0,0.2,83.8,0.6,1,6.69,1.9,0.8,1.2,0.0,1.0,1.0,0.1,0,0.4,0.6,1.1,0.0,0.6,1.0,41.7,0.0,2.6,0.1,0.5,0.5,0.03,5.0,0.1,CM,,,,
Kerem Demirbay,Bayer Leverkusen,30,CM,17(8),1548,4,3,5,0,1.2,82.5,0.4,2,6.69,1.4,0.6,1.2,0.0,0.4,0.6,0.2,0,1.2,0.3,0.9,0.0,0.8,1.0,38.7,0.9,1.7,0.1,2.58,1.42,0.15,31.0,0.08,CM,,,,
Hiroki Ito,VfB Stuttgart,24,"CB, LB",29(1),2563,1,1,5,0,0.7,83.0,1.3,0,6.69,1.3,1.3,0.5,0.5,2.8,0.6,0.6,0,0.7,0.2,0.6,0.1,0.2,0.7,66.0,0.5,6.1,0.0,0.5,0.5,0.02,21.0,0.02,CB, LB,,,
Anthony Caci,Mainz 05,26,"CB, LB, RB, LM, RM",23(8),2036,2,1,4,0,0.3,74.2,0.7,0,6.69,1.9,1.7,0.6,0.1,1.2,0.5,0.1,0,0.7,0.3,0.3,0.0,0.3,0.5,29.4,0.8,3.2,0.0,0.61,1.39,0.03,10.0,0.06,CB, LB, RB, LM, RM
Amine Adli,Bayer Leverkusen,23,"CAM, LAM, RAM, FW",16(10),1443,5,3,2,2,1.4,78.1,1.1,1,6.69,0.7,0.2,1.5,0.0,0.2,0.5,0.1,0,0.8,1.0,1.8,0.2,0.7,2.0,20.6,0.2,0.3,0.0,5.43,-0.43,0.34,37.0,0.15,CAM, LAM, RAM, FW,
Mërgim Berisha,Augsburg,25,"CAM, FW",20(3),1688,9,4,7,1,2.4,54.0,1.7,4,6.69,0.5,0.0,1.2,0.0,0.8,0.4,0.0,0,0.9,0.2,1.3,0.7,1.2,1.8,11.4,0.8,0.3,0.0,8.39,0.61,0.45,55.0,0.15,CAM, FW,,,
Marco Reus,Borussia Dortmund,34,"CM, LM, RM, FW",14(11),1352,6,4,4,0,1.5,81.1,0.5,1,6.69,1.2,0.3,0.7,0.0,0.3,0.7,0.2,0,0.8,0.4,0.7,0.1,0.6,1.2,21.8,0.2,0.1,0.0,5.66,0.34,0.38,37.0,0.15,CM, LM, RM, FW,
Nico Elvedi,Borussia M.Gladbach,27,"CB, LB, RB",32,2828,3,0,2,0,0.6,91.7,2.3,1,6.69,1.4,1.1,0.8,0.8,4.5,0.4,0.5,0,0.2,0.0,0.3,0.0,0.1,0.3,67.0,0.0,2.4,0.0,1.83,1.17,0.06,18.0,0.1,CB, LB, RB,,
Eric Martel,FC Koln,22,CDM,23(6),2024,1,1,6,0,1.0,79.7,2.0,0,6.68,2.3,1.1,1.4,0.0,1.5,1.0,0.3,0,0.2,0.2,0.9,0.0,0.9,1.2,29.8,0.2,0.8,0.0,1.76,-0.76,0.08,28.0,0.06,CDM,,,,
Davie Selke,FC Koln,29,FW,12(5),877,5,0,2,0,1.6,58.4,3.8,2,6.68,0.0,0.0,0.9,0.0,0.6,0.2,0.1,0,0.5,0.2,0.7,0.4,0.5,0.7,11.9,0.0,0.0,0.0,3.67,1.33,0.38,28.0,0.13,FW,,,,
Ozan Kabak,Hoffenheim,24,CB,28(2),2395,2,2,8,2,0.8,83.4,2.7,1,6.68,1.7,1.5,1.8,0.4,2.7,0.4,0.8,1,0.1,0.5,0.5,0.0,0.2,0.8,42.1,0.0,2.0,0.0,1.45,0.55,0.05,24.0,0.06,CB,,,,
Maximilian Eggestein,Freiburg,27,"CM, RM",27(4),2459,1,2,6,0,0.5,77.5,1.9,0,6.68,1.6,1.2,1.0,0.0,0.8,0.6,0.3,0,0.8,0.3,0.7,0.0,0.7,0.7,27.4,0.1,0.7,0.1,0.88,0.12,0.03,16.0,0.06,CM, RM,,,
Philipp Max,Eintracht Frankfurt,30,"LB, LM",8(2),698,0,1,1,0,0.9,80.5,0.5,0,6.68,1.2,0.3,0.6,0.1,1.1,1.1,0.2,0,1.6,0.3,0.2,0.1,0.3,0.8,33.8,1.7,1.1,0.0,0.54,-0.54,0.07,9.0,0.06,LB, LM,,,
Jonas Wind,Wolfsburg,25,"CAM, FW",15(9),1294,6,0,1,0,1.3,67.2,2.5,2,6.68,0.6,0.0,0.7,0.0,0.4,0.2,0.2,0,0.6,0.3,0.9,0.0,0.8,1.9,15.3,0.0,0.0,0.0,4.5,1.5,0.31,30.0,0.15,CAM, FW,,,
Jamie Bynoe-Gittens,Borussia Dortmund,19,LAM,4(11),527,3,1,1,0,1.6,77.3,0.6,0,6.67,0.5,0.1,0.6,0.0,0.1,0.3,0.0,0,0.1,1.3,1.2,0.0,0.3,1.5,8.8,0.0,0.1,0.1,3.23,-0.23,0.55,24.0,0.13,LAM,,,,
Evan Ndicka,Eintracht Frankfurt,24,"CB, LB",30,2693,1,0,4,0,0.6,86.4,2.6,1,6.67,0.8,1.0,1.0,0.5,4.8,0.5,0.6,1,0.1,0.2,0.5,0.0,0.2,0.6,60.1,0.0,2.5,0.0,1.4,-0.4,0.05,17.0,0.08,CB, LB,,,
Josko Gvardiol,RB Leipzig,22,"CB, LB",24(6),2171,1,0,2,0,0.5,89.3,1.4,1,6.67,0.8,1.1,0.7,0.5,2.3,0.4,0.6,1,0.4,0.5,0.4,0.0,0.2,0.3,71.3,0.1,4.8,0.0,1.42,-0.42,0.06,14.0,0.1,CB, LB,,,
Marco Friedl,Werder Bremen,26,"CB, LB, LM",30,2597,0,0,8,1,0.2,82.3,1.6,0,6.67,2.1,1.9,0.8,0.7,4.1,0.9,0.6,2,0.3,0.3,0.8,0.1,0.3,0.6,55.9,0.3,6.1,0.0,0.36,-0.36,0.01,6.0,0.06,CB, LB, LM,,
André Hahn,Augsburg,33,"CAM, LAM, RAM, FW",4(3),389,2,0,1,0,1.0,43.2,1.9,0,6.67,1.3,0.6,1.1,0.1,1.4,0.6,0.3,0,0.1,0.1,0.4,0.1,0.1,1.9,10.6,0.0,0.3,0.0,0.26,1.74,0.06,7.0,0.04,CAM, LAM, RAM, FW,
Piero Hincapié,Bayer Leverkusen,22,"CB, LB, LM",27(3),2466,1,1,9,3,0.6,83.2,2.0,0,6.66,1.7,1.0,1.3,0.4,2.5,0.4,0.7,0,0.3,0.5,1.2,0.0,0.3,0.7,55.7,0.1,1.9,0.1,1.26,-0.26,0.05,17.0,0.07,CB, LB, LM,,
Jesper Lindstrøm,Eintracht Frankfurt,24,"CAM, LAM, RAM, FW",22(5),1696,7,2,2,0,1.7,67.9,0.2,2,6.66,1.0,0.3,0.7,0.0,0.2,0.6,0.1,0,0.7,1.0,0.7,0.1,1.3,2.4,17.0,0.4,0.1,0.1,6.11,0.89,0.32,45.0,0.14,CAM, LAM, RAM, FW,
Patrik Schick,Bayer Leverkusen,28,"CAM, RAM, FW",10(4),941,3,1,0,0,2.4,69.8,2.1,0,6.66,0.0,0.1,0.4,0.0,0.5,0.1,0.1,0,0.7,0.5,1.1,0.0,0.9,2.0,17.3,0.1,0.1,0.0,5.08,-2.08,0.49,34.0,0.15,CAM, RAM, FW,,
Aarón Martín,Mainz 05,27,"LB, LM",20(8),1848,5,3,3,0,0.7,80.5,0.0,1,6.66,1.5,0.5,1.0,0.1,1.0,0.7,0.0,0,1.0,0.4,0.4,0.1,0.5,0.5,24.4,1.3,1.3,0.0,1.99,3.01,0.1,19.0,0.1,LB, LM,,,
Tom Krauß,Schalke 04,22,CDM,31(1),2531,2,0,8,0,0.8,73.3,0.8,0,6.66,3.5,1.1,1.4,0.1,1.1,1.5,0.2,0,0.3,0.6,1.0,0.0,1.0,0.8,24.5,0.1,0.8,0.0,2.12,-0.12,0.08,25.0,0.08,CDM,,,,
Micky van de Ven,Wolfsburg,23,"CB, LB",33,2970,1,1,5,0,0.5,88.3,1.1,1,6.66,1.4,0.8,0.7,0.8,3.1,0.3,0.7,0,0.2,0.6,0.8,0.0,0.3,0.4,50.5,0.1,2.0,0.0,1.28,-0.28,0.04,16.0,0.08,CB, LB,,,
Suat Serdar,Hertha Berlin,27,"CM, LM, RM",24(8),2034,4,2,7,0,0.7,70.6,0.9,1,6.66,1.6,0.9,1.0,0.0,0.7,0.7,0.4,0,0.6,1.1,1.0,0.0,1.0,1.1,19.0,0.1,1.0,0.0,2.27,1.73,0.1,23.0,0.1,CM, LM, RM,,
Maxence Lacroix,Wolfsburg,24,CB,18(6),1628,1,0,1,0,0.2,87.3,2.1,1,6.66,0.9,1.1,0.8,0.7,3.4,0.3,0.5,0,0.1,0.3,0.5,0.0,0.3,0.4,45.2,0.0,3.1,0.0,0.36,0.64,0.02,4.0,0.09,CB,,,,
Christopher Lenz,Eintracht Frankfurt,29,"LB, LM",13(11),1286,0,2,1,0,0.5,82.5,0.6,0,6.66,1.2,0.9,0.8,0.2,1.3,0.9,0.1,0,1.0,0.5,0.5,0.0,0.2,0.5,26.1,0.9,1.2,0.0,0.47,-0.47,0.03,12.0,0.04,LB, LM,,,
Rani Khedira,Union Berlin,30,"CB, CDM",33,2887,2,0,8,0,0.7,75.4,1.3,1,6.66,1.8,1.2,1.6,0.0,0.9,0.8,0.3,0,0.2,0.3,0.4,0.0,0.5,0.8,31.1,0.2,1.4,0.0,2.01,-0.01,0.06,24.0,0.08,CB, CDM,,,
Mario Götze,Eintracht Frankfurt,31,"CM, LM, RM, FW",32,2749,3,1,6,0,0.8,78.2,0.1,0,6.65,1.3,0.4,0.8,0.0,0.3,1.0,0.0,0,1.3,0.8,1.4,0.1,1.4,1.8,43.8,0.7,1.3,0.2,3.03,-0.03,0.1,26.0,0.12,CM, LM, RM, FW,
Robin Zentner,Mainz 05,29,GK,26,2340,0,0,1,0,0.0,55.0,0.7,0,6.65,0.0,0.0,0.0,0.0,1.0,0.2,0.0,0,0.0,0.0,0.1,0.0,0.0,0.0,27.7,0.0,6.8,0.0,,,,,,GK,,,,
Marcel Sabitzer,Bayern Munich,30,"CM, LM, RM, FW",7(8),627,1,1,2,0,1.0,87.7,0.5,0,6.65,1.8,0.7,0.5,0.0,0.6,0.5,0.0,0,0.4,0.1,0.1,0.1,0.2,0.4,30.3,0.0,0.8,0.0,1.04,-0.04,0.15,15.0,0.07,CM, LM, RM, FW,
Chris Führich,VfB Stuttgart,26,"CM, LM, RM, FW",21(12),1892,5,2,2,0,1.3,82.3,0.1,1,6.65,1.1,0.2,0.2,0.0,0.3,0.6,0.1,0,0.7,1.5,0.3,0.1,0.9,1.1,19.1,0.4,0.7,0.0,3.89,1.11,0.19,44.0,0.09,CM, LM, RM, FW,
Christian Günter,Freiburg,31,"LB, LM",31(2),2749,1,4,5,0,0.8,76.3,0.4,1,6.65,0.9,0.5,1.0,0.2,1.0,0.9,0.1,0,1.8,0.3,0.4,0.2,0.4,0.5,29.4,1.8,1.8,0.0,1.84,-0.84,0.06,27.0,0.07,LB, LM,,,
Andrej Kramaric,Hoffenheim,32,"CAM, LAM, RAM, FW",26(6),2394,12,3,3,0,2.0,82.8,0.3,2,6.65,0.2,0.2,0.3,0.0,0.3,0.3,0.1,0,1.1,0.9,1.1,0.3,1.0,1.9,28.9,0.3,1.5,0.0,12.76,-0.76,0.48,63.0,0.2,CAM, LAM, RAM, FW,
Mohamed Simakan,RB Leipzig,24,"CB, RB",18(6),1461,1,1,2,0,0.5,81.0,1.6,1,6.65,0.9,0.7,1.0,0.2,2.1,0.3,0.2,0,0.5,0.5,1.0,0.1,0.3,0.9,41.3,0.2,1.8,0.1,2.4,-1.4,0.15,12.0,0.2,CB, RB,,,
Maximilian Mittelstädt,Hertha Berlin,27,"LB, CM, LM",7(10),845,0,0,5,0,0.4,72.4,0.6,0,6.65,2.3,1.5,0.8,0.2,1.2,1.3,0.1,0,0.6,1.1,0.5,0.0,0.5,0.7,19.2,0.5,0.7,0.1,0.17,-0.17,0.02,6.0,0.03,LB, CM, LM,,
Roland Sallai,Freiburg,26,"CM, LM, RM, FW",10(9),1003,1,3,6,0,1.7,74.5,1.1,1,6.64,0.6,0.1,1.5,0.0,0.6,0.3,0.1,0,0.9,0.6,1.6,0.2,0.5,1.1,15.7,0.6,0.3,0.0,2.66,-1.66,0.24,32.0,0.08,CM, LM, RM, FW,
Malick Thiaw,Schalke 04,22,CB,3,270,0,0,2,0,0.7,87.8,3.3,0,6.64,1.0,3.0,1.0,1.7,8.0,0.3,1.0,0,0.0,0.3,0.0,0.0,0.0,0.0,41.0,0.0,2.0,0.0,0.22,-0.22,0.07,2.0,0.11,CB,,,,
Clinton Mola,VfB Stuttgart,23,"LB, RB",0(1),14,0,0,1,0,0.0,50.0,1.0,0,6.64,3.0,1.0,0.0,0.0,1.0,0.0,1.0,0,0.0,0.0,0.0,0.0,0.0,0.0,2.0,0.0,0.0,0.0,,,,,,LB, RB,,,
Leonardo Bittencourt,Werder Bremen,30,"CM, LM, RM, FW",22(3),1644,3,2,10,0,1.0,76.1,0.4,0,6.64,2.1,0.4,1.7,0.0,0.5,1.5,0.0,0,0.6,1.0,1.6,0.1,0.4,1.7,28.4,0.3,1.0,0.0,1.29,1.71,0.07,25.0,0.05,CM, LM, RM, FW,
Lucas Hernández,Bayern Munich,28,"CB, LB",6(1),479,0,0,1,0,0.0,90.8,0.6,0,6.63,0.9,0.7,0.6,0.3,0.9,0.1,0.1,0,0.1,0.1,0.6,0.0,0.0,0.1,49.7,0.0,4.0,0.0,,,,,,CB, LB,,,
Janik Haberer,Union Berlin,30,"CM, LM, RM, FW",30(2),2213,5,1,1,0,1.0,73.8,1.2,1,6.63,0.9,0.4,1.1,0.0,0.8,1.0,0.1,0,0.7,0.3,1.2,0.0,0.6,1.1,20.3,0.1,0.7,0.0,2.78,2.22,0.11,32.0,0.09,CM, LM, RM, FW,
Edmond Tapsoba,Bayer Leverkusen,25,CB,32(1),2872,1,0,5,0,0.5,85.8,1.7,1,6.63,1.5,1.1,0.8,0.6,3.0,0.4,0.5,1,0.2,0.5,0.5,0.1,0.4,0.5,66.4,0.0,3.9,0.2,2.57,-1.57,0.08,15.0,0.17,CB,,,,
David Raum,RB Leipzig,26,"LB, LM, RM",19(9),1688,0,2,5,0,0.5,80.7,0.6,0,6.63,1.4,0.6,0.8,0.0,0.8,0.4,0.2,0,1.3,0.3,0.5,0.1,0.3,0.6,31.2,1.3,1.1,0.1,0.52,-0.52,0.03,14.0,0.04,LB, LM, RM,,
Maya Yoshida,Schalke 04,35,"CB, RB",28(1),2554,0,0,4,0,0.4,76.7,2.9,0,6.63,1.2,1.6,0.7,0.5,4.4,0.4,1.0,0,0.1,0.2,0.6,0.0,0.1,0.4,47.9,0.1,4.1,0.0,0.86,-0.86,0.03,12.0,0.07,CB, RB,,,
Mattias Svanberg,Wolfsburg,25,"CM, LM, RM",21(11),1836,4,6,4,0,0.9,71.8,0.6,1,6.63,0.8,0.7,0.8,0.0,0.7,0.6,0.2,0,0.8,0.5,0.9,0.1,0.6,1.5,16.4,0.4,0.6,0.1,3.94,0.06,0.19,30.0,0.13,CM, LM, RM,,
André Silva,RB Leipzig,28,FW,20(11),1741,4,3,3,0,1.9,73.7,0.6,0,6.63,0.4,0.1,1.0,0.0,0.1,0.2,0.0,0,0.8,0.7,1.4,0.3,1.4,2.1,15.1,0.0,0.3,0.1,10.13,-6.13,0.52,60.0,0.17,FW,,,,
Manuel Riemann,Bochum,35,GK,34,3060,0,0,3,0,0.0,58.9,0.3,3,6.63,0.1,0.1,0.0,0.0,1.1,0.1,0.0,1,0.1,0.0,0.1,0.0,0.0,0.0,49.0,0.0,18.4,0.0,0.04,-0.04,0.0,1.0,0.04,GK,,,,
Janis Blaswich,RB Leipzig,33,GK,26,2340,0,0,0,0,0.0,84.9,0.4,1,6.63,0.0,0.0,0.0,0.0,1.1,0.0,0.0,0,0.0,0.0,0.1,0.0,0.0,0.0,39.0,0.0,3.2,0.0,,,,,,GK,,,,
Niklas Schmidt,Werder Bremen,26,"CM, FW",11(13),1084,3,0,3,0,0.9,76.5,0.6,1,6.62,1.0,0.2,0.8,0.0,0.4,0.6,0.0,0,0.7,1.4,0.6,0.0,0.5,0.7,23.4,0.4,2.6,0.0,1.66,1.34,0.14,21.0,0.08,CM, FW,,,
Dominik Kohr,Mainz 05,30,"CB, CDM",27(3),2296,3,0,11,0,1.3,73.6,1.2,0,6.62,2.0,1.1,1.5,0.0,0.8,1.1,0.3,0,0.5,0.3,1.2,0.0,0.3,0.6,38.9,0.0,2.0,0.1,2.34,0.66,0.09,39.0,0.06,CB, CDM,,,
Jeffrey Gouweleeuw,Augsburg,32,CB,32,2797,0,1,12,0,0.5,70.7,2.5,0,6.62,1.3,1.6,1.1,0.7,4.3,0.8,0.7,1,0.4,0.4,0.3,0.1,0.2,0.8,45.5,0.1,4.3,0.1,1.17,-1.17,0.04,15.0,0.08,CB,,,,
Yannick Gerhardt,Wolfsburg,30,"LB, CM, LM",22(7),1869,6,4,3,0,0.9,76.0,0.8,2,6.62,1.0,0.2,0.6,0.0,0.8,0.6,0.2,0,0.7,0.1,0.7,0.1,0.3,0.8,22.3,0.2,0.7,0.0,5.42,0.58,0.26,27.0,0.2,LB, CM, LM,,
Silas Katompa Mvumpa,VfB Stuttgart,25,"CM, LM, RM, FW",23(7),2004,5,2,4,0,1.4,79.2,0.6,2,6.62,0.8,0.3,1.3,0.1,0.0,0.5,0.1,0,0.6,1.6,0.7,0.5,1.5,2.3,11.8,0.2,0.2,0.0,6.83,-1.83,0.31,43.0,0.16,CM, LM, RM, FW,
Jirí Pavlenka,Werder Bremen,32,GK,33,2909,0,0,1,0,0.0,66.9,0.2,2,6.62,0.0,0.1,0.0,0.0,1.1,0.1,0.0,0,0.0,0.0,0.2,0.0,0.0,0.0,30.9,0.0,7.6,0.0,,,,,,GK,,,,
Dennis Geiger,Hoffenheim,25,CM,27,1973,1,3,9,0,0.2,84.8,0.3,1,6.61,1.7,0.9,1.6,0.0,0.6,0.5,0.1,0,1.3,0.3,0.8,0.0,0.3,0.8,29.5,0.7,1.9,0.0,0.18,0.82,0.01,5.0,0.04,CM,,,,
Djibril Sow,Eintracht Frankfurt,27,CM,30(2),2648,4,0,9,0,0.9,85.7,0.8,0,6.61,1.3,0.9,1.2,0.0,0.7,0.7,0.1,0,0.5,0.3,1.5,0.0,0.5,0.8,48.1,0.0,1.7,0.0,2.2,1.8,0.07,28.0,0.08,CM,,,,
Aïssa Laïdouni,Union Berlin,27,CDM,11(3),879,2,0,4,0,0.4,76.1,0.5,1,6.61,1.0,0.6,0.9,0.0,0.1,0.9,0.3,0,0.3,1.0,2.5,0.1,0.6,1.6,21.8,0.2,1.4,0.1,0.71,1.29,0.07,6.0,0.12,CDM,,,,
Gil Dias,VfB Stuttgart,27,"LB, LM, RM",6(1),403,1,0,0,0,1.4,69.7,1.0,0,6.6,1.1,0.3,0.9,0.0,0.3,1.3,0.0,0,1.1,1.4,0.7,0.3,1.6,2.4,23.6,0.3,0.6,0.0,0.52,0.48,0.12,10.0,0.05,LB, LM, RM,,
Edimilson Fernandes,Mainz 05,28,"CB, RB, CM, RM",28(4),2445,0,3,4,0,0.5,73.4,1.2,0,6.6,1.1,1.7,0.9,0.3,2.6,0.5,0.5,0,0.5,0.5,0.4,0.0,0.4,0.5,33.2,0.6,3.5,0.0,0.51,-0.51,0.02,15.0,0.03,CB, RB, CM, RM,
Atakan Karazor,VfB Stuttgart,27,"CB, CDM",22(7),1961,0,1,10,0,0.2,85.0,1.7,1,6.6,1.7,1.1,0.8,0.0,1.5,0.8,0.4,0,0.5,0.5,1.1,0.0,0.6,0.7,38.3,0.0,1.7,0.0,0.22,-0.22,0.01,6.0,0.04,CB, CDM,,,
Youssoufa Moukoko,Borussia Dortmund,19,FW,11(15),1135,7,3,0,0,1.3,71.3,0.2,1,6.6,0.5,0.1,0.3,0.0,0.0,0.1,0.0,0,0.5,0.7,0.3,0.0,0.8,1.2,7.5,0.1,0.1,0.0,6.86,0.14,0.54,35.0,0.2,FW,,,,
Christopher Antwi-Adjei,Bochum,30,"CAM, LAM, RAM",22(7),1990,3,6,2,0,1.0,71.2,0.6,1,6.6,0.8,0.2,0.8,0.0,0.3,0.7,0.0,0,1.1,1.1,1.4,0.5,1.1,3.1,16.0,0.6,0.4,0.0,2.04,0.96,0.09,29.0,0.07,CAM, LAM, RAM,,
Sebastiaan Bornauw,Wolfsburg,25,CB,23(3),1930,1,0,8,0,0.2,86.2,2.0,0,6.6,1.1,1.2,0.9,0.7,3.2,0.2,0.5,0,0.0,0.1,0.3,0.0,0.1,0.2,47.0,0.0,2.0,0.0,0.37,0.63,0.02,4.0,0.09,CB,,,,
Stevan Jovetic,Hertha Berlin,34,"CAM, LAM, FW",8(9),887,4,2,0,0,1.6,64.6,0.8,0,6.6,0.2,0.1,0.5,0.0,0.5,0.6,0.1,0,0.8,0.6,1.1,0.4,0.5,1.2,17.8,0.1,1.2,0.0,2.22,1.78,0.22,27.0,0.08,CAM, LAM, FW,,
Philipp Förster,Bochum,29,"CM, LM, RM, FW",15(10),1313,3,7,4,0,0.7,78.9,0.3,1,6.6,1.2,0.2,1.1,0.0,0.2,1.1,0.0,0,1.1,0.2,0.5,0.0,0.6,0.9,18.2,1.0,0.8,0.1,1.26,1.74,0.09,17.0,0.07,CM, LM, RM, FW,
Alassane Pléa,Borussia M.Gladbach,31,"CAM, LAM, RAM, FW",20(9),1780,2,9,5,0,1.0,72.8,0.5,2,6.59,0.6,0.4,0.8,0.0,0.5,0.6,0.1,0,1.1,0.6,1.1,0.1,0.8,1.3,24.2,0.3,1.3,0.2,4.58,-2.58,0.23,29.0,0.16,CAM, LAM, RAM, FW,
Steffen Tigges,FC Koln,25,FW,17(13),1598,6,1,1,0,1.2,58.9,2.2,2,6.59,0.4,0.3,0.4,0.0,0.6,0.3,0.1,0,0.6,0.3,0.4,0.3,0.7,1.1,10.9,0.1,0.2,0.0,5.43,0.57,0.31,35.0,0.16,FW,,,,
Sven Ulreich,Bayern Munich,35,GK,4,271,0,0,1,0,0.0,81.7,0.0,0,6.59,0.3,0.0,0.3,0.0,0.3,0.0,0.0,0,0.0,0.0,0.3,0.0,0.0,0.0,27.3,0.0,2.8,0.0,,,,,,GK,,,,
Niklas Stark,Werder Bremen,29,"CB, CDM",23(4),2082,0,0,9,0,0.1,82.6,1.7,0,6.59,2.1,1.4,1.5,0.6,4.0,0.6,0.5,0,0.1,0.1,0.7,0.0,0.1,0.4,45.8,0.0,3.7,0.0,0.14,-0.14,0.01,3.0,0.05,CB, CDM,,,
Alexander Meyer,Borussia Dortmund,33,GK,7,630,0,0,0,0,0.0,85.4,0.1,0,6.58,0.0,0.0,0.0,0.0,0.4,0.1,0.0,0,0.0,0.0,0.0,0.0,0.0,0.0,41.0,0.0,7.7,0.0,,,,,,GK,,,,
Jonathan Tah,Bayer Leverkusen,28,CB,28(5),2487,1,0,6,0,0.3,89.1,1.7,1,6.58,0.8,1.2,0.7,0.6,3.5,0.2,0.5,0,0.2,0.2,0.1,0.1,0.3,0.2,49.4,0.0,2.0,0.0,1.28,-0.28,0.05,10.0,0.13,CB,,,,
Diogo Leite,Union Berlin,25,CB,26(2),2254,0,1,6,1,0.4,78.6,2.5,0,6.58,1.3,0.9,1.6,0.1,3.5,0.5,0.5,0,0.1,0.0,1.1,0.0,0.4,0.7,48.3,0.1,3.9,0.0,0.7,-0.7,0.03,12.0,0.06,CB,,,,
Grischa Prömel,Hoffenheim,29,CM,17(1),1458,1,1,4,0,1.3,77.9,1.2,0,6.58,1.5,0.4,1.8,0.1,1.2,0.9,0.2,0,0.4,0.3,2.0,0.1,0.7,1.3,25.4,0.1,0.9,0.0,2.45,-1.45,0.15,24.0,0.1,CM,,,,
Giovanni Reyna,Borussia Dortmund,21,"CAM, LAM, RAM",4(18),612,7,2,2,0,1.1,81.1,0.3,0,6.58,0.6,0.1,0.4,0.0,0.2,0.2,0.1,0,0.5,0.4,0.8,0.0,0.7,0.6,13.0,0.3,0.4,0.0,4.68,2.32,0.69,25.0,0.19,CAM, LAM, RAM,,
Chidera Ejuke,Hertha Berlin,26,"CAM, LAM, RAM, FW",9(11),885,0,3,0,0,1.2,81.5,0.3,0,6.58,0.3,0.2,0.1,0.0,0.1,0.2,0.0,0,0.5,2.4,0.5,0.1,1.0,1.6,13.5,0.2,0.6,0.1,1.54,-1.54,0.16,24.0,0.06,CAM, LAM, RAM, FW,
Amos Pieper,Werder Bremen,26,CB,22(7),1959,2,1,9,0,0.4,79.0,2.3,0,6.58,1.6,1.0,0.8,0.3,3.0,0.6,0.4,0,0.2,0.0,0.5,0.1,0.3,0.3,40.3,0.2,2.6,0.0,0.6,1.4,0.03,11.0,0.05,CB,,,,
Timo Baumgartl,Union Berlin,28,CB,6(2),564,0,1,2,0,0.5,82.3,2.5,0,6.57,1.4,0.3,1.4,0.0,1.6,1.6,0.5,0,0.4,0.0,0.8,0.0,0.0,0.4,38.8,0.3,2.0,0.0,0.19,-0.19,0.03,4.0,0.05,CB,,,,
Julian Weigl,Borussia M.Gladbach,28,"CB, CDM",21(2),1897,1,0,6,0,0.3,89.3,0.8,0,6.57,1.9,0.8,0.9,0.0,1.3,0.8,0.1,0,0.3,0.4,1.3,0.0,0.1,0.1,52.0,0.0,2.0,0.1,0.96,0.04,0.05,8.0,0.12,CB, CDM,,,
Rubén Vargas,Augsburg,25,"CAM, LAM, RAM, FW",13(10),1137,3,4,4,0,0.9,63.8,0.6,0,6.57,0.7,0.3,0.7,0.0,0.7,0.3,0.1,0,0.7,0.9,0.7,0.1,0.4,1.3,13.2,0.3,0.3,0.0,1.57,1.43,0.12,21.0,0.07,CAM, LAM, RAM, FW,
Dion Beljo,Augsburg,22,FW,16(2),1140,3,2,2,0,0.7,65.1,2.6,1,6.57,0.4,0.1,1.4,0.1,0.8,0.6,0.1,0,0.8,0.4,0.6,0.4,1.3,1.8,13.4,0.1,0.3,0.0,1.48,1.52,0.12,13.0,0.11,FW,,,,
Keven Schlotterbeck,Bochum,27,CB,8(5),732,2,0,3,0,0.6,67.0,2.6,0,6.57,1.3,1.1,0.8,0.4,3.8,0.2,0.4,0,0.3,0.0,0.7,0.1,0.2,0.3,23.5,0.0,1.5,0.0,1.26,0.74,0.15,8.0,0.16,CB,,,,
Robert Skov,Hoffenheim,27,"LB, LM, RM",16(7),1356,3,2,1,0,1.8,71.6,0.7,1,6.57,1.0,0.3,0.7,0.0,0.8,0.7,0.3,0,0.9,0.3,0.9,0.0,0.5,0.9,22.0,0.8,1.3,0.0,3.24,-0.24,0.22,41.0,0.08,LB, LM, RM,,
Almamy Touré,Eintracht Frankfurt,28,"CB, RB, RM",5(2),400,0,1,1,0,0.4,82.2,2.0,0,6.57,1.9,1.4,0.7,0.0,1.1,0.6,0.3,0,0.1,0.9,0.1,0.1,0.0,0.6,32.1,0.1,1.3,0.0,0.78,-0.78,0.18,3.0,0.26,CB, RB, RM,,
Waldemar Anton,VfB Stuttgart,27,"CB, RB, CDM",34,2940,1,2,4,0,0.7,80.0,1.6,0,6.57,1.4,1.1,0.9,0.2,3.6,0.7,0.5,0,0.3,0.6,0.9,0.0,0.5,0.7,55.5,0.2,3.1,0.0,1.48,-0.48,0.05,24.0,0.06,CB, RB, CDM,,
Anthony Jung,Werder Bremen,32,"CB, LB, LM",32(2),2637,2,5,2,0,0.5,76.6,1.1,0,6.56,1.4,0.6,0.7,0.2,1.7,0.8,0.2,0,0.6,0.4,0.7,0.0,0.5,0.9,34.2,0.3,1.5,0.0,1.18,0.82,0.04,17.0,0.07,CB, LB, LM,,
Jordan Siebatcheu,Union Berlin,28,FW,16(15),1359,4,3,3,0,1.1,55.6,3.4,2,6.56,0.5,0.1,1.2,0.0,0.5,0.5,0.2,0,0.6,0.3,0.4,0.3,0.8,1.4,9.5,0.0,0.1,0.0,4.46,-0.46,0.3,34.0,0.13,FW,,,,
Jonjoe Kenny,Hertha Berlin,27,"LB, RB, RM",25(4),2243,0,1,3,0,0.2,74.9,0.9,0,6.55,1.6,1.6,1.0,0.3,2.1,0.6,0.3,0,0.6,0.4,0.2,0.0,0.3,0.9,31.4,0.4,2.3,0.0,0.25,-0.25,0.01,6.0,0.04,LB, RB, RM,,
Dejan Ljubicic,FC Koln,26,"CM, LM, RM",20(7),1724,5,1,3,0,1.3,77.1,0.3,1,6.55,0.9,0.3,1.0,0.0,0.2,1.0,0.0,0,1.0,0.7,0.4,0.2,0.6,1.4,20.9,0.3,1.0,0.1,2.95,2.05,0.15,35.0,0.08,CM, LM, RM,,
Dan-Axel Zagadou,VfB Stuttgart,24,"CB, LB",14(3),1273,0,0,3,0,0.8,85.6,3.1,0,6.55,0.8,1.2,0.7,0.4,4.6,0.5,0.9,0,0.5,0.1,0.1,0.0,0.2,0.3,57.4,0.0,3.8,0.0,1.47,-1.47,0.1,13.0,0.11,CB, LB,,,
Danilo Soares,Bochum,32,"LB, LM",23,1777,0,0,6,0,0.1,74.1,1.0,0,6.55,3.1,1.3,1.2,0.2,2.3,1.3,0.3,0,0.5,0.3,1.0,0.0,0.6,0.7,34.4,0.3,2.3,0.0,0.03,-0.03,0.0,2.0,0.01,LB, LM,,,
Mahmoud Dahoud,Borussia Dortmund,28,CM,4(5),337,0,0,1,0,0.7,83.9,0.1,0,6.54,1.2,0.8,0.3,0.1,0.3,0.0,0.2,0,0.4,0.3,0.2,0.0,0.4,0.7,28.2,0.0,1.8,0.0,0.38,-0.38,0.1,6.0,0.06,CM,,,,
Erhan Masovic,Bochum,25,"CB, CDM",23(6),2174,4,0,3,0,0.6,81.0,1.6,1,6.54,1.7,0.9,0.8,0.3,2.7,0.7,0.5,1,0.3,0.1,0.2,0.0,0.1,0.3,28.1,0.0,1.6,0.0,2.98,1.02,0.12,17.0,0.18,CB, CDM,,,
Levin Öztunali,Union Berlin,28,"CM, LM, RM",0(2),8,0,1,0,0,0.0,100.0,0.0,0,6.54,0.0,0.0,0.0,0.0,0.0,0.5,0.0,0,0.5,0.0,0.0,0.0,0.0,0.0,0.5,0.0,0.0,0.5,,,,,,CM, LM, RM,,
Felix Passlack,Borussia Dortmund,25,"LB, RB, CM, RM",0(3),61,0,0,0,0,0.0,78.1,0.3,0,6.54,1.3,0.0,0.0,0.0,0.3,0.0,0.3,0,0.7,0.3,0.3,0.0,0.3,0.3,10.7,0.3,1.0,0.3,,,,,,LB, RB, CM, RM,
Péter Gulácsi,RB Leipzig,33,GK,6,540,0,0,0,0,0.0,85.4,0.0,0,6.54,0.0,0.0,0.0,0.0,0.3,0.0,0.0,0,0.0,0.0,0.0,0.0,0.0,0.0,29.7,0.0,3.0,0.0,,,,,,GK,,,,
Mu'nas Dabbur,Hoffenheim,31,"CAM, FW",8(13),934,6,2,3,1,1.0,72.2,0.3,0,6.53,0.5,0.2,0.6,0.0,0.0,0.3,0.0,0,0.8,0.6,0.8,0.5,1.0,1.3,13.2,0.0,0.2,0.0,3.72,2.29,0.36,22.0,0.17,CAM, FW,,,
Felix Uduokhai,Augsburg,26,CB,16(3),1449,0,1,3,1,0.2,76.3,2.3,1,6.53,1.6,1.5,1.1,0.3,3.2,0.7,0.7,0,0.2,0.3,0.7,0.0,0.3,0.5,38.3,0.0,2.2,0.0,0.29,-0.29,0.02,4.0,0.07,CB,,,,
Lukás Hrádecky,Bayer Leverkusen,34,GK,33,2970,0,0,0,1,0.0,67.9,0.3,0,6.53,0.0,0.0,0.0,0.0,0.4,0.0,0.0,0,0.0,0.0,0.0,0.0,0.0,0.1,28.9,0.0,5.4,0.0,,,,,,GK,,,,
Emil Forsberg,RB Leipzig,32,"CAM, LAM, RAM, FW",16(14),1487,6,4,2,0,0.8,83.7,0.4,0,6.53,0.5,0.1,0.7,0.0,0.2,0.5,0.1,0,0.6,0.5,0.8,0.2,0.4,0.9,16.5,0.2,0.4,0.1,4.75,1.25,0.29,23.0,0.21,CAM, LAM, RAM, FW,
Cédric Brunner,Schalke 04,30,"CB, RB",28,2325,0,0,5,0,0.4,70.3,1.3,0,6.53,1.4,1.5,1.2,0.1,2.6,0.5,0.3,0,0.7,0.3,1.4,0.0,0.5,0.5,30.1,0.6,1.8,0.0,0.3,-0.3,0.01,10.0,0.03,CB, RB,,,
Konstantinos Stafylidis,Bochum,30,"CB, LB, RB, CDM, LM",11(8),1043,0,2,4,0,0.7,72.3,0.8,0,6.52,1.4,1.1,0.8,0.1,1.4,0.7,0.4,0,0.4,0.4,0.8,0.0,0.2,0.6,18.3,0.5,1.5,0.0,0.29,-0.29,0.02,14.0,0.02,CB, LB, RB, CDM, LM
Sebastian Rode,Eintracht Frankfurt,33,"RB, CM",19(8),1426,4,1,6,0,0.3,84.1,0.5,0,6.52,1.4,0.6,0.8,0.0,0.4,1.1,0.1,0,0.4,0.3,0.7,0.0,0.2,0.4,31.2,0.0,1.1,0.0,0.91,3.09,0.06,9.0,0.1,RB, CM,,,
Tanguy Coulibaly,VfB Stuttgart,23,"CM, LM, RM, FW",0(14),318,4,0,3,0,0.9,71.7,0.0,0,6.52,0.9,0.2,0.6,0.0,0.0,0.5,0.0,0,0.4,0.8,0.4,0.2,0.6,0.5,8.6,0.1,0.1,0.0,2.01,1.99,0.57,12.0,0.17,CM, LM, RM, FW,
Tobias Sippel,Borussia M.Gladbach,36,GK,5(1),509,0,0,1,0,0.0,63.7,0.3,0,6.52,0.0,0.0,0.0,0.0,1.0,0.0,0.0,0,0.0,0.0,0.0,0.0,0.0,0.0,39.5,0.0,5.5,0.0,,,,,,GK,,,,
Silvan Widmer,Mainz 05,31,"CB, RB, RM",19(7),1690,2,2,0,0,0.7,72.2,0.7,0,6.52,1.0,1.2,0.4,0.1,0.9,0.7,0.3,0,0.6,0.3,0.6,0.1,0.5,0.8,23.9,0.2,0.9,0.0,2.61,-0.61,0.14,19.0,0.14,CB, RB, RM,,
Thomas Meunier,Borussia Dortmund,32,"RB, RM",7(3),584,0,0,2,0,0.4,73.1,0.7,0,6.51,1.6,0.9,1.2,0.4,1.5,0.7,0.2,0,0.6,0.4,0.4,0.1,0.5,0.8,35.7,0.7,2.4,0.1,0.14,-0.14,0.02,4.0,0.04,RB, RM,,,
Omar Marmoush,Wolfsburg,25,"CAM, LAM, FW",15(18),1480,5,1,2,0,1.5,68.5,1.3,1,6.51,0.5,0.2,0.9,0.0,0.1,0.4,0.0,0,0.3,1.2,1.0,0.4,1.3,2.3,13.1,0.1,0.4,0.0,5.36,-0.36,0.33,48.0,0.11,CAM, LAM, FW,,
Ansgar Knauff,Eintracht Frankfurt,22,"CM, LM, RM",14(10),1289,1,1,2,0,0.6,66.7,0.4,0,6.51,1.5,0.6,0.6,0.0,1.0,0.8,0.0,0,0.3,0.9,0.7,0.1,0.4,1.3,20.8,0.3,0.6,0.0,0.99,0.01,0.07,15.0,0.07,CM, LM, RM,,
Christian Groß,Werder Bremen,35,"CB, CDM",23(3),1902,1,1,4,0,0.2,81.2,1.0,0,6.51,2.2,0.9,2.0,0.0,1.4,1.2,0.2,0,0.2,0.6,0.5,0.0,0.3,0.7,32.7,0.1,1.2,0.0,0.43,0.57,0.02,5.0,0.09,CB, CDM,,,
Milos Veljkovic,Werder Bremen,28,"CB, CDM",25(4),2265,1,1,2,0,0.1,81.6,2.0,0,6.51,1.0,1.1,0.8,0.8,3.4,0.4,0.6,0,0.2,0.1,0.3,0.0,0.0,0.1,48.3,0.0,5.0,0.0,0.61,0.39,0.02,4.0,0.15,CB, CDM,,,
Kristijan Jakic,Eintracht Frankfurt,26,"CB, RB, CDM",17(7),1460,1,0,4,0,0.3,79.3,1.2,0,6.51,1.4,0.6,0.8,0.2,1.9,0.8,0.4,0,0.3,0.3,0.3,0.0,0.3,0.5,37.0,0.1,1.5,0.0,0.75,0.25,0.05,8.0,0.09,CB, RB, CDM,,
Paul Jaeckel,Union Berlin,25,"CB, CDM",13(3),1197,1,0,2,1,0.1,81.6,1.2,1,6.5,1.5,1.2,1.0,0.3,2.6,1.1,0.3,0,0.1,0.4,0.2,0.0,0.1,0.4,38.1,0.1,2.6,0.0,0.12,0.88,0.01,2.0,0.06,CB, CDM,,,
Lukas Klostermann,RB Leipzig,27,"CB, LB, RB, RM",10(5),904,0,0,0,0,0.4,88.2,1.0,0,6.5,1.1,0.9,0.4,0.3,1.9,0.5,0.2,0,0.1,0.1,0.2,0.1,0.3,0.2,50.9,0.1,1.7,0.1,0.25,-0.25,0.02,6.0,0.04,CB, LB, RB, RM,
Marcel Halstenberg,RB Leipzig,32,"CB, LB, LM",17(14),1557,1,1,2,0,0.3,79.3,0.8,0,6.5,1.3,0.7,0.6,0.1,0.8,0.6,0.0,0,0.6,0.3,0.2,0.0,0.2,0.6,31.3,0.5,1.0,0.0,1.33,-0.33,0.08,9.0,0.15,CB, LB, LM,,
Niko Gießelmann,Union Berlin,32,"CB, LB, LM",14(12),1298,0,2,4,0,0.8,70.6,0.8,0,6.5,0.8,0.3,0.6,0.0,0.9,0.7,0.2,0,0.8,0.2,0.8,0.0,0.2,0.7,18.8,1.0,1.3,0.0,0.91,-0.91,0.06,20.0,0.05,CB, LB, LM,,
Adam Hlozek,Bayer Leverkusen,21,"CAM, LAM, FW",16(13),1290,5,3,2,0,1.0,74.4,0.8,2,6.5,0.3,0.2,0.7,0.0,0.3,0.2,0.1,0,0.6,0.3,0.7,0.0,0.8,1.5,10.9,0.2,0.3,0.0,2.49,2.51,0.17,30.0,0.08,CAM, LAM, FW,,
Odilon Kossounou,Bayer Leverkusen,23,"CB, RB",17(7),1520,0,1,3,0,0.1,82.8,1.3,0,6.5,0.9,1.0,0.7,0.1,2.3,0.3,0.5,0,0.1,0.3,0.2,0.0,0.5,0.7,38.7,0.0,1.2,0.0,0.14,-0.14,0.01,3.0,0.05,CB, RB,,,
Lennart Grill,Union Berlin,25,GK,5,450,0,0,0,0,0.0,64.0,0.6,1,6.5,0.0,0.0,0.0,0.0,0.8,0.2,0.0,0,0.0,0.0,0.0,0.0,0.0,0.0,37.2,0.0,10.8,0.0,,,,,,GK,,,,
Kenneth Schmidt,Freiburg,21,CB,3(2),252,0,0,1,0,0.0,89.3,0.8,0,6.49,1.2,0.0,0.2,0.4,0.4,0.2,0.4,0,0.0,0.4,0.0,0.0,0.0,1.0,35.6,0.0,2.0,0.0,,,,,,CB,,,,
Tiago Tomás,VfB Stuttgart,21,"CAM, LAM, RAM, FW",16(11),1295,3,3,2,0,1.3,63.1,0.3,1,6.49,0.4,0.0,0.5,0.0,0.2,0.2,0.1,0,0.7,0.7,1.8,0.1,0.9,1.6,10.6,0.5,0.2,0.1,2.47,0.53,0.17,34.0,0.07,CAM, LAM, RAM, FW,
Arijon Ibrahimovic,Bayern Munich,18,LAM,0(1),13,0,0,0,0,2.0,87.5,2.0,0,6.49,1.0,0.0,0.0,0.0,0.0,0.0,0.0,0,1.0,0.0,1.0,0.0,0.0,0.0,8.0,0.0,1.0,0.0,0.76,-0.76,5.26,2.0,0.38,LAM,,,,
Simon Terodde,Schalke 04,36,FW,21(11),1825,5,0,5,0,1.4,67.8,2.3,2,6.49,0.5,0.2,1.2,0.0,0.3,0.3,0.1,0,0.7,0.1,1.1,0.8,0.5,1.3,9.7,0.0,0.2,0.0,7.16,-2.16,0.35,44.0,0.16,FW,,,,
Salih Özcan,Borussia Dortmund,26,CM,17(9),1574,0,1,6,0,0.1,88.5,0.8,0,6.49,1.2,1.1,1.0,0.0,0.7,0.9,0.1,0,0.3,0.2,0.9,0.0,0.8,0.7,38.0,0.0,1.7,0.0,0.71,-0.71,0.04,3.0,0.24,CM,,,,
Christoph Kramer,Borussia M.Gladbach,33,CM,27(2),2230,0,0,4,0,0.2,83.5,0.9,0,6.49,1.5,0.6,1.3,0.1,1.3,1.1,0.1,0,0.5,0.7,0.4,0.1,1.0,0.9,41.6,0.1,0.7,0.0,0.54,-0.54,0.02,6.0,0.09,CM,,,,
Linton Maina,FC Koln,24,"CM, LM, RM, FW",27(6),2258,3,7,1,0,1.1,77.3,0.0,1,6.49,0.5,0.2,0.5,0.0,0.3,0.7,0.0,0,1.1,0.7,0.6,0.5,0.8,1.7,17.6,0.4,0.2,0.0,4.82,-1.82,0.19,35.0,0.14,CM, LM, RM, FW,
Josuha Guilavogui,Wolfsburg,33,"CB, CM",11(12),1173,1,0,4,0,0.3,84.6,1.9,0,6.48,0.8,1.0,1.3,0.3,2.3,0.5,0.6,1,0.2,0.1,0.3,0.1,0.3,0.3,34.7,0.0,2.0,0.0,0.42,0.58,0.03,6.0,0.07,CB, CM,,,
Jérôme Roussillon,Union Berlin,31,"LB, LM",11(5),960,0,2,2,0,0.6,71.7,0.4,0,6.48,1.0,0.3,0.8,0.1,1.1,0.3,0.1,0,0.4,0.7,0.8,0.0,0.5,0.8,18.8,0.4,0.8,0.0,0.57,-0.57,0.05,9.0,0.06,LB, LM,,,
Jens Stage,Werder Bremen,27,CM,21(11),1858,3,3,5,0,0.6,68.1,1.6,1,6.48,1.1,0.5,1.0,0.1,1.0,0.8,0.3,0,0.5,0.3,0.6,0.0,0.3,0.8,18.8,0.1,0.5,0.0,2.73,0.27,0.13,19.0,0.14,CM,,,,
Lukas Nmecha,Wolfsburg,25,"CAM, RAM, FW",10(6),901,4,0,3,0,1.4,66.2,1.1,0,6.48,0.3,0.2,0.4,0.0,0.2,0.0,0.1,0,0.4,0.6,1.7,0.5,0.7,2.4,12.2,0.1,0.4,0.0,3.71,0.29,0.37,22.0,0.17,CAM, RAM, FW,,
Bartol Franjic,Wolfsburg,24,"LB, CDM",3(2),230,0,1,0,0,0.4,78.2,1.0,0,6.48,0.8,1.0,0.2,0.0,0.8,0.4,0.2,0,0.4,0.2,0.2,0.0,0.0,1.2,15.6,0.0,0.6,0.0,0.33,-0.33,0.13,2.0,0.17,LB, CDM,,,
Jonathan Burkardt,Mainz 05,23,"CAM, RAM, FW",7(4),537,1,2,2,0,1.9,71.9,0.7,1,6.48,0.3,0.1,0.5,0.0,0.1,0.3,0.1,0,0.6,1.0,1.0,0.3,0.8,1.5,8.7,0.2,0.3,0.1,3.93,-2.93,0.66,21.0,0.19,CAM, RAM, FW,,
Arne Engels,Augsburg,20,CM,18,1446,0,3,5,0,0.9,72.1,0.6,1,6.48,1.1,0.8,1.4,0.0,0.6,0.6,0.3,0,1.3,0.2,1.1,0.0,0.4,0.4,28.3,1.4,1.7,0.1,0.53,-0.53,0.03,17.0,0.03,CM,,,,
Jan Thielmann,FC Koln,21,"CM, LM, RM, FW",6(17),858,2,2,5,0,0.6,67.5,0.6,1,6.48,0.4,0.4,0.6,0.0,0.2,0.4,0.1,0,0.4,0.8,0.8,0.4,0.5,1.7,8.6,0.5,0.2,0.0,1.47,0.53,0.15,13.0,0.11,CM, LM, RM, FW,
Joe Scally,Borussia M.Gladbach,21,"CB, LB, RB, LM, RM",25(3),2215,0,0,2,0,0.3,77.4,0.7,0,6.47,1.1,0.3,0.5,0.3,1.9,0.3,0.2,0,0.5,0.4,1.8,0.1,0.5,0.8,33.0,0.6,1.2,0.0,0.61,-0.61,0.02,7.0,0.09,CB, LB, RB, LM, RM
Naouirou Ahamada,VfB Stuttgart,22,CM,17,1409,2,2,2,1,0.9,85.7,0.4,0,6.47,1.0,0.5,0.9,0.0,0.4,0.7,0.3,0,0.9,1.2,1.0,0.1,0.6,2.0,30.4,0.1,0.5,0.1,0.69,1.31,0.04,16.0,0.04,CM,,,,
Maxim Leitsch,Mainz 05,25,CB,7(2),662,0,0,0,0,0.2,75.8,2.0,0,6.47,1.0,2.0,0.3,0.4,2.9,0.1,0.4,0,0.1,0.0,0.3,0.0,0.1,0.6,36.3,0.0,2.8,0.0,0.1,-0.1,0.01,2.0,0.05,CB,,,,
Tim Skarke,Schalke 04,27,"CAM, LAM, RAM, FW",6(3),444,1,1,0,0,1.2,70.1,0.4,0,6.47,1.4,0.0,0.4,0.0,0.4,0.3,0.0,0,1.1,0.2,0.8,0.3,0.6,1.8,13.0,0.8,0.4,0.0,0.55,0.45,0.11,11.0,0.05,CAM, LAM, RAM, FW,
Dominique Heintz,Bochum,30,"CB, LB",8(3),798,0,0,1,0,0.4,83.3,1.6,0,6.47,1.2,1.1,1.0,0.4,3.0,1.0,0.6,0,0.3,0.4,0.4,0.0,0.4,0.0,26.7,0.3,2.4,0.0,0.18,-0.18,0.02,4.0,0.05,CB, LB,,,
Amadou Haidara,RB Leipzig,26,"CM, LM, RM",15(16),1430,2,1,7,0,0.6,83.6,0.8,0,6.47,0.8,0.8,0.9,0.0,0.6,0.7,0.2,0,0.4,0.3,0.4,0.0,0.4,0.4,26.2,0.0,1.1,0.1,2.62,-0.62,0.16,19.0,0.14,CM, LM, RM,,
Pavel Kaderábek,Hoffenheim,32,"RB, LM, RM",17(9),1663,1,1,1,0,0.3,68.4,1.8,0,6.47,1.0,0.5,0.9,0.0,1.3,0.3,0.1,0,0.7,0.1,0.7,0.1,0.3,0.5,23.3,0.9,0.6,0.0,1.72,-0.72,0.09,8.0,0.21,RB, LM, RM,,
Benno Schmitz,FC Koln,29,"CB, LB, RB",30(1),2431,1,0,6,0,0.3,63.6,1.0,0,6.46,2.1,0.8,1.0,0.1,1.8,1.3,0.1,2,0.6,0.1,0.6,0.0,0.3,0.8,35.5,0.7,1.8,0.0,0.36,0.64,0.01,10.0,0.04,CB, LB, RB,,
Arne Maier,Augsburg,25,"CM, RM",24(6),1972,5,1,3,0,0.9,69.4,0.4,1,6.46,1.0,0.5,0.4,0.1,0.6,0.3,0.0,0,0.7,0.5,0.6,0.1,0.9,1.3,19.4,0.5,0.9,0.0,2.09,2.91,0.1,28.0,0.07,CM, RM,,,
Kelvin Yeboah,Augsburg,23,FW,3(10),347,1,1,0,0,1.0,51.9,1.1,0,6.45,0.5,0.1,0.8,0.0,0.2,0.2,0.0,0,0.4,1.2,0.8,0.1,0.8,1.1,4.0,0.1,0.1,0.0,1.85,-0.85,0.48,13.0,0.14,FW,,,,
Marvin Plattenhardt,Hertha Berlin,32,"LB, LM",29(2),2408,0,2,3,0,0.3,74.7,0.6,1,6.45,1.4,0.5,0.7,0.1,2.1,0.6,0.4,0,1.0,0.1,1.0,0.0,0.2,0.5,25.4,1.1,1.3,0.0,0.26,-0.26,0.01,8.0,0.03,LB, LM,,,
Genki Haraguchi,VfB Stuttgart,32,"CM, LM, RM",9(2),753,0,2,1,0,0.5,83.1,0.5,0,6.45,1.5,0.7,0.4,0.0,0.5,1.1,0.2,1,0.7,0.8,1.5,0.0,0.5,1.4,26.4,0.2,1.2,0.0,0.2,-0.2,0.02,5.0,0.04,CM, LM, RM,,
Ibrahim Maza,Hertha Berlin,18,FW,0(2),70,1,0,0,0,0.5,78.6,0.0,0,6.45,0.5,0.0,0.5,0.0,0.5,0.5,0.0,0,0.0,0.0,1.0,0.0,0.0,1.0,7.0,0.0,0.0,0.0,0.51,0.49,0.65,1.0,0.51,FW,,,,
Josha Vagnoman,VfB Stuttgart,23,"LB, RB, RM",16(7),1477,2,2,1,1,1.1,79.7,1.0,0,6.44,1.1,0.3,0.8,0.1,1.0,0.5,0.1,0,0.5,1.0,0.4,0.1,0.8,1.5,20.5,0.1,0.6,0.0,4.17,-2.17,0.25,25.0,0.17,LB, RB, RM,,
Florian Neuhaus,Borussia M.Gladbach,27,CM,16(7),1409,1,0,2,0,1.2,80.3,0.1,0,6.44,0.8,0.5,0.4,0.0,0.2,0.8,0.1,0,0.7,0.5,0.9,0.1,0.6,1.0,27.4,0.1,1.0,0.1,1.42,-0.42,0.09,28.0,0.05,CM,,,,
Anthony Modeste,Borussia Dortmund,36,FW,7(12),807,2,1,4,0,1.2,59.5,1.7,0,6.44,0.2,0.1,0.7,0.0,1.1,0.2,0.0,0,0.4,0.0,0.4,0.3,0.5,0.9,6.4,0.1,0.0,0.0,4.31,-2.31,0.48,23.0,0.19,FW,,,,
Sardar Azmoun,Bayer Leverkusen,29,"CAM, FW",8(15),917,4,1,1,0,1.2,66.0,1.0,0,6.44,0.3,0.1,0.7,0.0,0.6,0.3,0.0,0,0.6,0.3,0.0,0.3,0.4,1.0,10.6,0.0,0.5,0.1,3.78,0.22,0.37,28.0,0.14,CAM, FW,,,
Kevin Trapp,Eintracht Frankfurt,33,GK,33,2970,0,0,3,0,0.0,65.0,0.2,0,6.44,0.0,0.0,0.0,0.0,0.6,0.1,0.0,0,0.0,0.0,0.1,0.0,0.0,0.0,22.9,0.0,3.3,0.0,,,,,,GK,,,,
Kiliann Sildillia,Freiburg,21,"CB, RB, RM",23(4),1977,0,2,2,1,0.4,74.1,1.6,0,6.43,1.2,0.8,1.4,0.2,1.6,0.4,0.3,0,0.4,0.4,0.2,0.1,0.6,0.8,32.9,0.2,1.2,0.0,0.92,-0.92,0.04,10.0,0.09,CB, RB, RM,,
Kevin Vogt,Hoffenheim,32,"CB, RB, CM",22,1781,0,0,8,0,0.0,86.3,0.5,0,6.43,0.7,1.2,1.0,0.8,3.0,0.6,0.5,0,0.2,0.1,0.5,0.0,0.1,0.5,54.2,0.1,4.7,0.0,,,,,,CB, RB, CM,,
Michael Frey,Schalke 04,29,FW,10(5),875,0,3,2,0,1.8,57.5,2.9,0,6.43,0.9,0.1,2.0,0.0,0.1,0.6,0.0,0,0.7,0.3,0.7,0.5,0.8,2.7,14.1,0.3,0.1,0.0,1.75,-1.75,0.18,27.0,0.06,FW,,,,
Henning Matriciani,Schalke 04,24,"CB, LB, RB",22,1868,0,0,1,0,0.1,75.2,1.5,0,6.42,2.0,1.0,0.9,0.7,2.2,1.5,0.5,0,0.1,0.3,0.5,0.0,0.5,0.8,32.1,0.2,1.9,0.0,0.15,-0.15,0.01,3.0,0.05,CB, LB, RB,,
Florian Niederlechner,Hertha Berlin,33,"CAM, RAM, FW",11(5),787,1,0,2,0,1.3,66.9,1.1,0,6.42,0.7,0.1,0.9,0.0,0.6,0.2,0.1,0,0.4,0.4,0.9,0.6,0.8,1.1,13.7,0.0,0.1,0.0,3.05,0.95,0.3,28.0,0.11,CAM, RAM, FW,,
Wilfried Kanga,Hertha Berlin,26,FW,15(8),1421,2,0,3,0,1.1,62.8,2.3,0,6.42,0.2,0.1,0.8,0.0,0.5,0.1,0.1,0,0.9,0.3,0.5,0.5,0.8,1.7,10.5,0.1,0.1,0.0,4.27,-2.27,0.27,25.0,0.17,FW,,,,
Enzo Millot,VfB Stuttgart,21,CM,9(14),885,0,1,3,0,0.7,82.2,0.3,1,6.42,1.0,0.5,0.7,0.0,0.3,0.3,0.1,0,0.5,0.9,0.8,0.0,0.6,0.8,15.9,0.2,0.1,0.0,1.5,-1.5,0.15,17.0,0.09,CM,,,,
Takuma Asano,Bochum,29,"CAM, LAM, RAM, FW",21(4),1730,3,2,1,0,2.1,72.9,0.8,0,6.42,0.6,0.3,0.4,0.0,0.3,0.4,0.0,0,0.9,0.5,1.0,0.3,1.2,2.5,12.4,0.4,0.1,0.0,5.62,-2.62,0.29,53.0,0.11,CAM, LAM, RAM, FW,
Iago,Augsburg,27,"LB, LM",19(3),1605,0,2,4,1,0.4,64.3,0.6,0,6.42,1.5,0.8,0.6,0.4,2.2,0.8,0.2,0,0.5,0.7,0.6,0.0,0.5,1.2,21.9,0.5,1.4,0.0,0.51,-0.51,0.03,9.0,0.06,LB, LM,,,
Pascal Klemens,Hertha Berlin,19,CDM,1,90,0,0,0,0,0.0,84.8,1.0,0,6.42,0.0,1.0,0.0,2.0,3.0,1.0,0.0,0,0.0,0.0,0.0,0.0,0.0,0.0,33.0,0.0,3.0,0.0,,,,,,CDM,,,,
Nadiem Amiri,Bayer Leverkusen,27,"CM, LM, RM",9(16),970,4,1,6,0,1.0,85.3,0.0,0,6.42,0.6,0.2,0.6,0.0,0.2,0.4,0.0,0,0.6,0.7,1.0,0.2,0.4,0.6,19.4,0.3,1.0,0.1,2.16,1.84,0.2,24.0,0.09,CM, LM, RM,,
Callum Hudson-Odoi,Bayer Leverkusen,23,"CM, LM, RM",7(7),609,0,1,0,0,0.3,86.9,0.0,0,6.42,0.4,0.1,0.1,0.0,0.3,0.0,0.0,0,0.9,0.9,1.4,0.1,1.0,0.5,16.4,0.3,1.1,0.1,0.16,-0.16,0.02,4.0,0.04,CM, LM, RM,,
Jere Uronen,Schalke 04,29,"LB, LM",9(2),681,0,0,2,0,0.4,73.6,1.5,0,6.42,1.3,0.7,0.5,0.0,1.1,0.4,0.2,0,0.8,0.1,1.2,0.0,0.3,1.1,24.5,1.2,1.3,0.0,0.06,-0.06,0.01,4.0,0.01,LB, LM,,,
Carlos Gruezo,Augsburg,29,CDM,12(1),965,0,0,5,0,0.2,72.9,0.7,0,6.42,1.6,0.8,0.9,0.0,1.0,0.5,0.3,0,0.5,0.4,0.7,0.0,0.2,0.5,21.0,0.0,2.3,0.1,0.03,-0.03,0.0,2.0,0.01,CDM,,,,
Marcus Ingvartsen,Mainz 05,28,"CAM, RAM, FW",16(12),1318,10,0,2,0,1.3,67.2,1.1,0,6.42,0.1,0.1,1.2,0.0,0.4,0.3,0.0,0,0.2,0.4,0.8,0.3,0.7,1.9,12.2,0.0,0.1,0.0,9.18,0.82,0.63,36.0,0.25,CAM, RAM, FW,,
Charles Aránguiz,Bayer Leverkusen,35,CM,4(6),493,1,0,1,0,0.5,83.2,0.2,0,6.41,1.7,0.7,0.7,0.0,0.4,0.8,0.0,0,0.3,0.4,1.0,0.0,0.2,0.8,29.7,0.0,1.0,0.0,0.29,0.71,0.05,5.0,0.06,CM,,,,
Genki Haraguchi,Union Berlin,32,"CM, LM, RM",6(5),499,0,0,0,0,0.5,76.8,0.7,0,6.41,1.5,0.7,0.4,0.0,0.5,1.1,0.2,1,0.7,0.8,1.5,0.0,0.5,1.4,26.4,0.2,1.2,0.0,0.2,-0.2,0.02,5.0,0.04,CM, LM, RM,,
Yussuf Poulsen,RB Leipzig,29,"CAM, RAM, FW",3(16),400,2,1,1,0,0.7,55.1,1.4,0,6.41,0.3,0.0,0.5,0.0,0.3,0.2,0.1,0,0.4,0.3,0.5,0.1,0.5,1.4,6.2,0.1,0.1,0.1,1.54,0.46,0.35,13.0,0.12,CAM, RAM, FW,,
Mads Pedersen,Augsburg,27,"LB, CM, LM",20(8),1840,0,0,6,0,0.3,73.8,0.3,0,6.41,1.6,0.7,0.8,0.2,1.2,0.4,0.3,0,0.5,0.6,0.8,0.0,0.5,1.2,17.3,0.3,0.9,0.0,0.4,-0.4,0.02,9.0,0.04,LB, CM, LM,,
Dominick Drexler,Schalke 04,33,"CAM, LAM, RAM",16(11),1370,4,3,3,1,0.6,69.2,0.8,1,6.41,0.9,0.3,1.0,0.0,0.4,0.5,0.1,0,0.7,0.4,0.9,0.1,0.7,0.8,16.1,0.4,0.6,0.0,2.64,1.36,0.17,16.0,0.17,CAM, LAM, RAM,,
Alexander Hack,Mainz 05,30,CB,14(5),1134,0,0,2,1,0.2,74.0,1.7,0,6.41,1.6,1.3,1.3,0.3,2.2,0.7,0.3,0,0.2,0.1,0.6,0.1,0.1,0.2,30.4,0.1,3.6,0.0,0.12,-0.12,0.01,3.0,0.04,CB,,,,
Paul Seguin,Union Berlin,29,"RB, CDM",4(16),677,1,3,4,0,0.8,70.3,0.7,0,6.41,0.9,0.3,0.7,0.0,0.4,0.5,0.0,0,0.5,0.4,0.2,0.0,0.3,0.4,15.3,0.4,0.6,0.2,0.97,0.03,0.13,15.0,0.06,RB, CDM,,,
Tobias Mohr,Schalke 04,28,"LB, CM, LM",8(10),835,0,3,0,0,0.7,67.4,0.5,0,6.41,0.4,0.4,0.3,0.1,0.9,0.3,0.3,0,1.1,0.2,0.2,0.0,0.4,0.4,18.9,1.1,2.0,0.1,0.64,-0.64,0.07,12.0,0.05,LB, CM, LM,,
Éder Balanta,Schalke 04,31,"CB, CDM",3(3),239,0,0,3,0,0.2,72.4,0.7,0,6.41,0.8,0.5,0.8,0.0,0.5,0.7,0.0,0,0.7,0.5,0.0,0.0,0.3,0.2,14.5,0.2,0.8,0.0,0.09,-0.09,0.03,1.0,0.09,CB, CDM,,,
Kevin Kampl,RB Leipzig,33,"CM, LM, RM",16(14),1371,2,2,8,0,0.2,88.6,0.2,0,6.41,0.7,0.7,0.7,0.0,0.4,0.7,0.3,0,0.4,0.3,0.2,0.0,0.3,0.6,29.7,0.0,1.1,0.1,1.28,0.72,0.08,7.0,0.18,CM, LM, RM,,
Nikola Soldo,FC Koln,23,CB,6(1),592,0,0,1,0,0.9,78.4,1.0,0,6.41,2.1,1.0,0.7,0.4,3.9,0.6,0.9,0,0.1,0.0,0.3,0.0,0.0,0.1,49.0,0.0,3.0,0.0,0.72,-0.72,0.11,6.0,0.12,CB,,,,
Elvis Rexhbeçaj,Augsburg,26,CM,30(1),2536,0,0,6,0,0.5,69.8,1.2,0,6.39,1.6,0.5,0.9,0.1,1.0,1.0,0.4,1,0.4,0.2,1.6,0.0,0.4,1.1,28.6,0.0,1.0,0.0,0.34,-0.34,0.01,16.0,0.02,CM,,,,
Filip Uremovic,Hertha Berlin,27,"CB, RB",21(1),1733,0,0,6,1,0.4,79.4,2.5,1,6.39,1.7,1.6,1.2,0.6,3.9,0.4,0.6,0,0.2,0.1,0.5,0.0,0.2,0.5,28.7,0.0,0.9,0.0,1.03,-1.03,0.05,9.0,0.11,CB, RB,,,
Oliver Christensen,Hertha Berlin,25,GK,33,2970,0,0,2,0,0.0,58.8,0.2,1,6.39,0.0,0.0,0.0,0.0,0.8,0.1,0.0,0,0.0,0.0,0.2,0.0,0.0,0.0,31.7,0.0,7.2,0.0,,,,,,GK,,,,
Danny da Costa,Mainz 05,30,"RB, RM",14(9),1238,0,2,0,0,0.3,64.3,0.8,0,6.39,0.9,0.4,0.3,0.1,0.9,0.3,0.1,0,0.5,0.5,0.1,0.2,0.5,1.1,17.8,0.3,0.6,0.0,0.74,-0.74,0.05,7.0,0.11,RB, RM,,,
Marvin Friedrich,Borussia M.Gladbach,28,CB,13(10),1244,1,0,2,0,0.4,86.4,1.8,0,6.39,0.7,0.5,0.1,0.3,2.2,0.1,0.3,0,0.2,0.1,0.1,0.0,0.1,0.3,41.6,0.0,1.6,0.0,0.98,0.02,0.07,9.0,0.11,CB,,,,
Makoto Hasebe,Eintracht Frankfurt,40,"CB, RB, CM, RM",15(3),1309,0,0,1,0,0.0,88.0,0.8,0,6.39,1.0,0.9,0.4,0.3,2.5,0.8,0.5,0,0.1,0.0,0.8,0.0,0.1,0.2,55.7,0.0,3.4,0.1,,,,,,CB, RB, CM, RM,
Kristian Pedersen,FC Koln,29,"CB, LB, LM",3(3),274,0,0,1,0,0.2,73.9,1.7,0,6.38,0.8,1.0,0.8,0.0,2.7,0.3,0.0,0,0.3,0.3,0.2,0.0,0.2,0.2,22.3,0.0,0.7,0.0,0.4,-0.4,0.13,1.0,0.4,CB, LB, LM,,
Mitchel Bakker,Bayer Leverkusen,23,"LB, LM",19(9),1657,3,2,4,1,0.6,78.3,0.4,0,6.38,0.6,0.5,0.6,0.1,0.6,0.3,0.1,0,0.6,0.4,0.5,0.1,0.5,0.8,27.8,0.1,1.1,0.0,1.42,1.58,0.08,17.0,0.08,LB, LM,,,
Hugo Novoa,RB Leipzig,21,FW,2(5),182,1,0,0,0,0.4,74.7,0.4,0,6.38,1.1,0.1,0.9,0.0,0.0,0.4,0.0,0,0.3,0.7,0.3,0.6,1.0,0.1,11.3,0.0,0.4,0.0,0.5,0.5,0.24,3.0,0.17,FW,,,,
András Schäfer,Union Berlin,25,CM,10(6),864,0,0,0,0,0.4,76.6,0.7,0,6.38,1.3,0.3,0.9,0.0,0.6,0.5,0.1,0,0.2,0.6,0.9,0.1,0.8,1.3,16.6,0.1,0.2,0.1,0.31,-0.31,0.03,7.0,0.04,CM,,,,
Stanley Nsoki,Hoffenheim,25,"CB, LB",14(5),1288,1,0,2,1,0.3,81.8,1.2,0,6.38,1.2,1.3,0.7,0.4,1.7,0.5,0.3,0,0.2,0.6,0.4,0.0,0.2,0.7,41.0,0.0,2.1,0.0,0.63,0.37,0.04,6.0,0.1,CB, LB,,,
Kevin Paredes,Wolfsburg,20,LM,1(21),515,1,3,2,0,0.2,79.9,0.1,0,6.38,0.6,0.3,0.2,0.0,0.4,0.1,0.0,0,0.6,0.2,0.8,0.1,0.2,0.4,7.9,0.3,0.3,0.0,0.17,0.83,0.03,4.0,0.04,LM,,,,
Alex Král,Schalke 04,25,CDM,26(3),2357,0,0,3,0,1.1,71.2,1.7,0,6.38,1.2,0.6,0.7,0.0,1.8,0.7,0.2,1,0.4,0.8,0.6,0.1,0.7,1.0,28.0,0.2,1.3,0.0,1.6,-1.6,0.06,32.0,0.05,CDM,,,,
Angelo Stiller,Hoffenheim,23,CDM,7(14),700,1,1,1,0,0.3,78.1,0.8,0,6.37,1.2,0.5,0.5,0.0,0.6,0.2,0.1,0,0.1,0.1,0.1,0.0,0.5,0.7,16.8,0.0,0.8,0.0,0.35,0.65,0.04,7.0,0.05,CDM,,,,
Robert Gumny,Augsburg,25,"CB, LB, RB",23(6),2021,1,2,5,1,0.3,66.7,1.6,0,6.37,1.2,0.9,1.1,0.2,2.0,0.6,0.2,0,0.3,0.2,0.6,0.0,0.4,0.6,20.7,0.1,1.2,0.0,0.39,0.61,0.02,9.0,0.04,CB, LB, RB,,
Nikolas Nartey,VfB Stuttgart,24,"CDM, LM",5(4),472,0,0,1,0,0.4,81.4,1.0,0,6.37,1.2,0.4,0.6,0.1,0.9,0.4,0.0,0,0.4,0.4,0.8,0.1,1.0,0.4,26.3,0.1,0.9,0.0,0.38,-0.38,0.07,4.0,0.1,CDM, LM,,,
Yann Sommer,Bayern Munich,35,GK,19,1710,0,0,1,0,0.0,85.3,0.3,0,6.37,0.1,0.0,0.0,0.0,1.3,0.0,0.0,0,0.0,0.0,0.0,0.0,0.0,0.0,55.5,0.0,6.9,0.0,,,,,,GK,,,,
Romano Schmid,Werder Bremen,24,"CAM, LAM, RAM, FW",15(12),1521,1,3,3,0,0.7,76.8,0.7,0,6.37,0.9,0.3,0.6,0.1,0.4,0.4,0.1,0,0.8,0.6,0.9,0.1,0.9,1.7,26.3,0.1,1.0,0.1,1.43,-0.43,0.08,18.0,0.08,CAM, LAM, RAM, FW,
Manuel Gulde,Freiburg,33,CB,8(7),641,1,0,2,0,0.1,83.2,1.5,0,6.37,0.9,1.3,0.6,0.3,1.6,0.1,0.1,0,0.1,0.0,0.1,0.0,0.1,0.3,27.0,0.2,1.5,0.0,0.55,0.45,0.08,2.0,0.27,CB,,,,
Florian Flick,Schalke 04,24,CDM,5(3),511,0,0,1,0,0.3,70.9,2.0,0,6.37,1.5,0.5,0.8,0.0,2.3,1.3,0.4,0,0.1,0.1,0.5,0.0,0.3,0.4,22.8,0.0,1.1,0.0,0.08,-0.08,0.01,2.0,0.04,CDM,,,,
Niklas Dorsch,Augsburg,26,CDM,5(6),478,0,0,1,0,0.0,76.4,0.5,0,6.36,1.9,0.5,0.9,0.0,0.8,0.6,0.3,0,0.1,0.5,0.5,0.0,0.5,0.1,16.5,0.1,0.6,0.1,,,,,,CDM,,,,
Pascal Stenzel,VfB Stuttgart,28,"CB, RB, RM",3(9),327,0,1,0,0,0.2,80.4,0.1,0,6.36,1.0,0.4,0.3,0.1,0.5,0.3,0.2,0,0.7,0.0,0.2,0.0,0.0,0.4,14.0,0.7,2.1,0.0,0.04,-0.04,0.01,2.0,0.02,CB, RB, RM,,
Mathys Tel,Bayern Munich,19,FW,1(21),399,5,0,2,0,0.9,80.4,0.4,0,6.36,0.1,0.0,0.4,0.0,0.1,0.0,0.0,0,0.3,0.5,0.3,0.2,0.5,1.1,7.0,0.1,0.0,0.0,2.87,2.13,0.65,19.0,0.15,FW,,,,
Luca Netz,Borussia M.Gladbach,20,"LB, LM",7(13),700,1,3,0,0,0.2,79.5,0.4,0,6.35,1.3,0.3,0.3,0.2,1.2,0.7,0.1,0,0.3,0.5,0.1,0.1,0.3,0.7,14.7,0.1,0.3,0.0,0.99,0.01,0.13,4.0,0.25,LB, LM,,,
Alexander Schwolow,Schalke 04,31,GK,22(1),2034,0,0,1,0,0.0,63.3,0.2,0,6.35,0.0,0.0,0.0,0.0,0.4,0.1,0.0,0,0.0,0.0,0.2,0.0,0.0,0.0,33.5,0.0,9.3,0.0,0.07,-0.07,0.0,1.0,0.07,GK,,,,
Sebastian Polter,Schalke 04,33,"CAM, RAM, FW",5(14),619,2,3,3,0,0.6,54.2,2.1,0,6.35,0.2,0.1,1.2,0.0,0.3,0.2,0.0,0,0.5,0.1,0.6,0.2,0.6,1.4,8.1,0.1,0.1,0.0,2.23,-0.23,0.32,12.0,0.19,CAM, RAM, FW,,
Tolga Cigerci,Hertha Berlin,32,"CM, LM, RM",10(1),681,0,1,2,0,0.8,81.2,0.9,0,6.35,1.5,0.7,1.2,0.0,0.5,0.5,0.2,0,0.5,0.5,0.3,0.0,0.5,0.9,35.8,0.5,1.0,0.0,0.17,-0.17,0.02,9.0,0.02,CM, LM, RM,,
Josip Stanisic,Bayern Munich,24,"CB, RB",4(10),573,0,0,1,0,0.0,91.7,0.4,0,6.35,1.4,0.5,0.4,0.0,0.7,0.4,0.1,0,0.3,0.4,0.2,0.0,0.2,0.5,41.4,0.2,1.5,0.0,,,,,,CB, RB,,,
Cristian Gamboa,Bochum,34,"RB, RM",17(2),1485,0,0,2,0,0.4,68.4,0.7,0,6.34,2.2,0.8,0.7,0.2,1.6,0.5,0.4,1,0.5,0.3,0.3,0.1,0.2,0.5,27.9,0.6,3.3,0.0,0.11,-0.11,0.01,8.0,0.01,RB, RM,,,
Kilian Fischer,Wolfsburg,23,RB,5(5),501,0,0,2,0,0.3,83.7,0.2,0,6.34,0.9,0.5,0.8,0.0,1.5,0.5,0.0,0,0.5,0.3,0.5,0.0,0.1,0.4,20.2,0.5,0.9,0.0,0.34,-0.34,0.06,3.0,0.11,RB,,,,
Sepp van den Berg,Schalke 04,22,"CB, RB, RM",8(1),696,1,0,2,0,0.6,83.5,1.6,0,6.34,0.6,1.4,0.4,0.6,3.6,0.3,0.6,0,0.2,0.1,0.0,0.0,0.1,0.9,36.4,0.0,2.4,0.0,0.37,0.63,0.05,5.0,0.07,CB, RB, RM,,
Daley Sinkgraven,Bayer Leverkusen,28,"LB, CM, LM",4(8),342,0,2,1,0,0.3,74.6,0.3,0,6.34,0.8,0.4,0.5,0.1,0.4,0.2,0.3,0,0.5,0.3,0.3,0.0,0.6,0.3,14.4,0.1,0.6,0.0,0.19,-0.19,0.05,4.0,0.05,LB, CM, LM,,
Sebastian Rudy,Hoffenheim,34,"RB, CM, RM",6(16),790,0,1,3,0,0.2,78.9,0.3,0,6.34,1.2,0.5,1.0,0.0,0.5,0.6,0.3,0,0.6,0.0,0.4,0.0,0.4,0.5,18.1,0.7,0.9,0.0,0.14,-0.14,0.02,5.0,0.03,RB, CM, RM,,
Kevin Schade,Freiburg,22,"LAM, RAM",1(7),175,1,0,0,0,0.5,50.0,2.1,0,6.33,0.8,0.0,0.5,0.0,0.3,0.3,0.0,0,0.0,0.4,0.8,0.0,0.8,1.0,6.5,0.0,0.1,0.0,0.2,0.8,0.1,4.0,0.05,LAM, RAM,,,
Josip Brekalo,Wolfsburg,25,"CAM, LAM, RAM, FW",3(3),271,0,1,0,0,0.3,73.8,0.0,0,6.33,0.3,0.3,0.3,0.0,0.2,0.7,0.0,0,0.8,0.8,0.5,0.2,1.0,0.5,21.7,0.5,0.8,0.0,0.07,-0.07,0.02,2.0,0.03,CAM, LAM, RAM, FW,
Gerrit Holtmann,Bochum,29,"LB, LM, RM",8(15),934,1,1,0,0,1.3,68.2,0.6,0,6.33,0.6,0.1,0.3,0.0,0.1,0.4,0.0,0,0.4,0.7,0.3,0.1,0.7,1.3,9.2,0.2,0.1,0.0,2.45,-1.45,0.24,30.0,0.08,LB, LM, RM,,
Kenan Karaman,Schalke 04,30,"CAM, LAM, RAM, FW",10(11),971,1,2,2,0,1.0,68.1,1.5,0,6.33,0.5,0.1,0.6,0.0,0.4,0.4,0.0,0,0.3,0.5,1.1,0.3,0.9,1.4,8.8,0.1,0.1,0.0,2.37,-1.37,0.22,22.0,0.11,CAM, LAM, RAM, FW,
Marvin Schwäbe,FC Koln,29,GK,34,3060,0,0,1,0,0.0,76.7,0.2,1,6.33,0.0,0.1,0.0,0.0,0.4,0.0,0.0,0,0.0,0.0,0.1,0.0,0.0,0.0,37.4,0.0,5.8,0.0,,,,,,GK,,,,
Maximilian Bauer,Augsburg,24,CB,20(7),1845,0,1,8,0,0.3,73.1,2.6,0,6.33,1.1,0.9,0.9,0.5,2.9,0.6,0.3,0,0.1,0.1,0.9,0.0,0.2,0.4,27.7,0.0,2.0,0.0,1.29,-1.29,0.06,8.0,0.16,CB,,,,
Jessic Ngankam,Hertha Berlin,23,FW,8(10),825,4,0,5,0,1.1,62.7,0.8,0,6.33,0.8,0.1,1.1,0.0,0.2,0.4,0.1,0,0.3,0.6,0.7,0.1,1.0,1.4,6.1,0.0,0.2,0.0,4.37,-0.37,0.48,19.0,0.23,FW,,,,
Fredrik Jensen,Augsburg,26,"CAM, LAM, RAM, FW",8(12),922,2,1,1,0,0.6,58.8,1.0,0,6.33,0.8,0.2,0.8,0.1,0.6,0.3,0.3,0,0.7,0.2,0.4,0.2,1.0,1.2,12.3,0.3,0.8,0.0,1.58,0.42,0.15,11.0,0.14,CAM, LAM, RAM, FW,
Reece Oxford,Augsburg,25,"CB, CDM",1(2),93,0,0,0,0,0.0,54.9,2.3,0,6.32,0.3,0.3,0.0,0.3,1.7,0.0,1.0,0,0.3,0.0,0.7,0.0,0.0,0.3,17.0,0.0,1.3,0.0,,,,,,CB, CDM,,,
Jean-Paul Boëtius,Hertha Berlin,30,"CAM, LAM, FW",10(11),1046,0,0,3,0,0.2,73.2,0.2,0,6.32,1.4,0.7,0.7,0.0,0.4,0.8,0.2,0,0.6,0.3,1.2,0.0,0.6,1.0,19.6,0.1,1.3,0.0,0.87,-0.87,0.07,5.0,0.17,CAM, LAM, FW,,
Ivan Sunjic,Hertha Berlin,27,CDM,12(6),993,0,0,4,0,0.3,75.0,0.4,1,6.32,2.1,0.7,0.9,0.0,1.0,0.4,0.3,0,0.2,0.0,0.5,0.1,0.3,0.4,20.0,0.0,1.0,0.1,0.3,-0.3,0.03,6.0,0.05,CDM,,,,
Raphael Framberger,Augsburg,28,"RB, RM",2(1),177,0,0,0,0,0.0,35.0,1.7,0,6.32,3.3,0.7,1.3,0.7,1.7,0.7,0.3,0,0.3,0.0,0.0,0.0,1.0,1.0,13.3,0.0,0.0,0.0,,,,,,RB, RM,,,
Noah Weißhaupt,Freiburg,22,LM,3(15),419,0,1,0,0,0.1,73.4,0.2,0,6.32,0.6,0.3,0.1,0.0,0.4,0.3,0.0,0,0.4,0.4,1.1,0.1,0.2,0.7,7.9,0.2,0.2,0.1,0.52,-0.52,0.11,2.0,0.26,LM,,,,
Keven Schlotterbeck,Freiburg,27,CB,0(2),12,0,0,0,0,0.0,100.0,1.0,0,6.32,1.3,1.1,0.8,0.4,3.8,0.2,0.4,0,0.3,0.0,0.7,0.1,0.2,0.3,23.5,0.0,1.5,0.0,1.26,0.74,0.15,8.0,0.16,CB,,,,
Ilia Gruev,Werder Bremen,23,CDM,18(13),1588,0,0,2,0,0.2,86.9,0.5,0,6.31,1.4,0.7,0.9,0.2,0.7,0.4,0.2,0,0.3,0.2,0.4,0.0,0.4,0.6,24.7,0.2,0.8,0.0,0.37,-0.37,0.02,6.0,0.06,CDM,,,,
Davie Selke,Hertha Berlin,29,FW,3(10),276,1,1,1,0,0.5,62.1,1.7,0,6.31,0.0,0.0,0.9,0.0,0.6,0.2,0.1,0,0.5,0.2,0.7,0.4,0.5,0.7,11.9,0.0,0.0,0.0,3.67,1.33,0.38,28.0,0.13,FW,,,,
Mehmet Aydin,Schalke 04,22,"RB, RM",3(13),560,0,0,0,0,0.3,64.9,0.8,0,6.31,1.6,0.6,0.4,0.1,0.9,0.8,0.0,0,0.3,0.3,0.4,0.0,0.2,0.8,12.6,0.4,0.4,0.0,0.14,-0.14,0.02,5.0,0.03,RB, RM,,,
Lee Buchanan,Werder Bremen,23,"CB, LB, LM",2(19),456,1,0,2,0,0.2,68.2,0.4,0,6.31,0.7,0.6,0.3,0.0,0.8,0.3,0.0,0,0.2,0.0,0.3,0.0,0.1,0.3,10.0,0.1,0.9,0.0,0.32,0.68,0.06,5.0,0.06,CB, LB, LM,,
Florian Dietz,FC Koln,25,FW,4(7),394,1,0,1,0,1.5,55.1,2.2,0,6.3,0.2,0.0,1.0,0.0,0.2,0.3,0.1,0,0.4,0.1,0.1,0.1,0.8,1.6,6.3,0.0,0.0,0.0,2.77,-1.77,0.63,17.0,0.16,FW,,,,
Márton Dárdai,Hertha Berlin,22,"CB, CDM",11(6),948,1,0,2,0,0.1,59.5,1.0,0,6.3,1.0,0.6,0.6,0.1,2.5,0.5,0.5,0,0.2,0.2,0.5,0.0,0.2,0.2,21.9,0.1,2.1,0.0,0.05,0.95,0.0,2.0,0.03,CB, CDM,,,
Thomas Ouwejan,Schalke 04,27,"LB, CDM, LM",10(7),902,0,1,1,0,0.3,66.0,0.2,0,6.3,1.2,0.8,0.4,0.0,1.3,0.2,0.2,0,1.1,0.1,0.4,0.1,0.2,0.5,18.2,1.5,0.8,0.0,0.14,-0.14,0.01,5.0,0.03,LB, CDM, LM,,
Denis Huseinbasic,FC Koln,22,CM,7(17),782,4,1,3,0,0.7,79.5,0.3,0,6.3,1.0,0.2,0.6,0.0,0.2,0.6,0.1,0,0.2,0.3,0.3,0.0,0.8,1.0,11.2,0.0,0.3,0.0,3.24,0.76,0.37,16.0,0.2,CM,,,,
Fabian Bredlow,VfB Stuttgart,29,GK,15,1350,0,0,2,0,0.0,83.5,0.0,0,6.3,0.1,0.0,0.1,0.0,0.7,0.0,0.0,0,0.0,0.0,0.0,0.0,0.0,0.0,33.9,0.0,4.9,0.0,,,,,,GK,,,,
David Colina,Augsburg,23,CB,0(7),161,1,0,0,0,0.1,60.4,0.1,0,6.3,0.6,0.6,0.1,0.1,0.4,0.0,0.0,0,0.3,0.6,0.6,0.0,0.3,0.7,6.9,0.3,0.0,0.0,0.35,0.65,0.2,1.0,0.35,CB,,,,
Merlin Röhl,Freiburg,21,CM,0(3),54,0,1,0,0,0.0,72.2,0.3,0,6.3,0.3,0.0,0.3,0.0,0.3,0.0,0.0,0,1.0,0.0,1.3,0.0,1.3,0.7,6.0,0.0,0.0,0.0,,,,,,CM,,,,
Max Kruse,Wolfsburg,36,"CM, LM, RM, FW",2(3),270,0,0,0,0,1.8,76.6,1.2,0,6.3,0.2,0.0,0.6,0.0,0.2,0.2,0.2,0,0.6,0.4,0.6,0.0,0.6,0.8,21.4,0.2,1.4,0.2,0.69,-0.69,0.23,9.0,0.08,CM, LM, RM, FW,
Ryan Gravenberch,Bayern Munich,21,CDM,3(21),561,0,0,1,0,0.5,89.3,0.2,0,6.29,0.7,0.4,0.4,0.0,0.4,0.3,0.0,0,0.3,0.5,0.3,0.0,0.5,0.9,15.1,0.0,0.4,0.0,0.98,-0.98,0.16,11.0,0.09,CDM,,,,
Kingsley Schindler,FC Koln,30,"RB, RM, FW",8(21),1072,0,1,4,0,0.4,70.8,0.8,0,6.29,0.8,0.5,0.4,0.0,0.8,0.3,0.1,0,0.3,0.3,0.4,0.1,0.5,0.9,13.8,0.2,0.5,0.0,2.24,-2.24,0.19,11.0,0.2,RB, RM, FW,,
Finn Becker,Hoffenheim,23,CM,6(7),512,0,0,0,0,0.5,72.7,0.2,0,6.29,0.8,0.4,0.3,0.1,0.5,0.2,0.0,0,0.3,0.3,0.4,0.1,0.4,0.4,14.1,0.0,0.8,0.0,0.38,-0.38,0.07,6.0,0.06,CM,,,,
Rafael Borré,Eintracht Frankfurt,28,"CAM, FW",10(22),1062,2,2,5,0,0.8,73.0,0.8,0,6.29,0.8,0.1,0.7,0.0,0.3,0.4,0.1,0,0.5,0.5,0.3,0.6,0.4,1.4,12.3,0.1,0.3,0.0,4.42,-2.42,0.37,25.0,0.18,CAM, FW,,,
Maximilian Philipp,Werder Bremen,30,"CAM, LAM, RAM, FW",3(12),438,1,0,1,0,0.7,80.1,0.5,0,6.29,0.4,0.2,0.5,0.0,0.2,0.5,0.1,0,0.3,0.3,0.8,0.2,0.5,0.7,9.1,0.0,0.1,0.0,1.48,-0.48,0.3,11.0,0.13,CAM, LAM, RAM, FW,
Daniel-Kofi Kyereh,Freiburg,28,"CAM, LAM, RAM, FW",7(5),564,2,0,2,0,0.9,77.5,0.6,0,6.29,0.5,0.2,1.0,0.0,0.5,0.3,0.0,0,0.3,0.3,1.3,0.3,1.0,1.8,14.8,0.1,0.3,0.0,2.54,-0.54,0.41,11.0,0.23,CAM, LAM, RAM, FW,
Stefan Lainer,Borussia M.Gladbach,31,"RB, RM",9(8),820,0,0,2,0,0.4,81.5,0.5,0,6.29,0.9,0.8,0.6,0.2,1.9,0.8,0.1,0,0.5,0.1,0.4,0.1,0.2,0.7,30.9,0.5,1.0,0.1,0.9,-0.9,0.1,6.0,0.15,RB, RM,,,
Dimitrios Limnios,FC Koln,25,"LAM, RAM",0(2),38,0,0,0,0,0.5,70.6,0.5,0,6.29,0.0,0.5,0.0,0.0,0.0,0.0,0.0,0,1.0,1.0,0.5,0.0,0.5,0.0,8.5,0.5,0.0,0.0,0.02,-0.02,0.06,1.0,0.02,LAM, RAM,,,
Tom Rothe,Borussia Dortmund,19,"LB, LM",0(2),24,0,0,0,0,0.5,92.9,0.0,0,6.29,0.5,0.5,1.0,0.0,1.0,0.0,0.0,0,0.0,0.5,0.0,0.0,0.0,0.0,7.0,0.0,0.5,0.0,0.06,-0.06,0.21,1.0,0.06,LB, LM,,,
Yannik Keitel,Freiburg,24,"CB, CDM",8(14),678,0,2,4,0,0.2,78.4,0.6,0,6.28,0.5,0.6,1.0,0.0,0.4,0.1,0.1,0,0.2,0.2,0.1,0.0,0.2,0.3,11.0,0.0,0.6,0.0,0.12,-0.12,0.02,4.0,0.03,CB, CDM,,,
Paulinho,Bayer Leverkusen,23,"CAM, LAM, RAM, FW",1(3),80,1,0,0,0,0.5,82.1,0.3,0,6.28,0.0,0.0,0.0,0.0,0.5,0.0,0.0,0,0.0,0.5,0.3,0.0,0.3,0.5,7.0,0.0,0.0,0.0,0.45,0.55,0.51,2.0,0.23,CAM, LAM, RAM, FW,
Thorgan Hazard,Borussia Dortmund,31,"CM, LM, RM, FW",2(12),455,0,0,1,0,0.6,80.0,0.3,0,6.28,1.2,0.4,1.0,0.0,0.3,0.4,0.0,0,0.8,0.2,0.4,0.3,0.0,0.5,18.6,0.4,0.5,0.0,1.6,-1.6,0.32,8.0,0.2,CM, LM, RM, FW,
Sven Michel,Union Berlin,33,"LAM, FW",2(19),480,3,1,2,0,0.8,60.2,1.2,0,6.28,0.4,0.0,0.6,0.0,0.2,0.2,0.0,0,0.3,0.1,0.2,0.2,0.3,1.0,7.7,0.1,0.2,0.0,1.52,1.48,0.29,16.0,0.1,LAM, FW,,,
Paul Wanner,Bayern Munich,18,"CAM, RAM",0(2),23,0,0,1,0,0.0,77.8,0.5,0,6.28,1.5,0.0,0.5,0.0,0.5,0.0,0.0,0,0.5,1.0,0.0,0.0,2.0,0.0,4.5,0.0,0.0,0.0,,,,,,CAM, RAM,,,
Aymen Barkok,Mainz 05,25,"CM, RM",3(20),571,0,1,1,0,0.5,71.9,0.7,0,6.27,0.8,0.1,0.7,0.0,0.3,0.2,0.0,0,0.3,0.4,0.2,0.0,0.4,0.7,10.5,0.1,0.3,0.1,0.45,-0.45,0.07,11.0,0.04,CM, RM,,,
Morten Thorsby,Union Berlin,27,"CM, LM, RM",8(16),827,1,1,3,0,0.4,62.9,0.9,0,6.27,0.9,0.1,0.9,0.0,0.8,0.3,0.2,0,0.3,0.0,0.3,0.0,0.6,0.6,7.8,0.1,0.1,0.0,0.92,0.08,0.1,9.0,0.1,CM, LM, RM,,
Jordi Osei-Tutu,Bochum,25,"RB, LM, RM",8(12),750,0,0,3,0,0.6,71.1,0.4,0,6.27,1.2,0.5,0.4,0.1,0.4,0.6,0.3,0,0.3,0.5,1.2,0.2,0.6,1.3,8.3,0.2,0.3,0.0,0.82,-0.82,0.1,12.0,0.07,RB, LM, RM,,
Darko Churlinov,VfB Stuttgart,23,"LM, RM, FW",0(1),26,0,0,0,0,0.0,0.0,0.0,0,6.27,3.0,0.0,0.0,0.0,0.0,1.0,0.0,0,0.0,0.0,1.0,0.0,1.0,1.0,0.0,0.0,0.0,0.0,,,,,,LM, RM, FW,,
Veit Stange,Hertha Berlin,20,CM,0(1),7,0,0,0,0,0.0,0.0,0.0,0,6.27,1.0,0.0,0.0,0.0,0.0,0.0,0.0,0,0.0,1.0,0.0,0.0,0.0,1.0,0.0,0.0,0.0,0.0,,,,,,CM,,,,
Paxten Aaronson,Eintracht Frankfurt,20,CAM,0(7),167,0,0,1,0,0.6,77.4,0.1,0,6.27,0.9,0.0,0.7,0.0,0.3,0.1,0.1,0,0.1,0.4,0.4,0.1,0.3,0.7,8.9,0.1,0.0,0.0,0.16,-0.16,0.09,4.0,0.04,CAM,,,,
Renato Veiga,Augsburg,20,CM,7(6),639,0,0,3,0,0.6,68.9,0.9,0,6.27,0.7,0.5,0.7,0.2,2.0,0.2,0.5,0,0.2,0.8,0.3,0.0,0.3,0.5,21.0,0.2,1.8,0.0,0.19,-0.19,0.03,8.0,0.02,CM,,,,
Nelson Weiper,Mainz 05,19,FW,0(9),94,2,0,0,0,0.6,68.4,0.8,0,6.26,0.2,0.0,0.2,0.0,0.1,0.2,0.0,0,0.2,0.0,0.2,0.3,0.1,0.2,4.2,0.1,0.0,0.0,1.95,0.05,1.87,5.0,0.39,FW,,,,
Sargis Adamyan,FC Koln,30,"CAM, LAM, RAM, FW",4(20),634,1,2,3,0,0.9,71.7,0.5,0,6.26,0.6,0.2,0.7,0.0,0.2,0.4,0.0,0,0.3,0.3,0.3,0.2,0.7,1.2,6.6,0.2,0.2,0.0,4.29,-3.29,0.61,21.0,0.2,CAM, LAM, RAM, FW,
Ermin Bicakcic,Hoffenheim,34,CB,0(9),258,0,0,0,0,0.2,71.0,1.0,0,6.26,0.9,0.6,0.1,0.1,1.6,0.4,0.3,0,0.0,0.0,0.1,0.1,0.0,0.2,10.3,0.0,0.9,0.0,0.13,-0.13,0.05,2.0,0.07,CB,,,,
Pierre Kunde,Bochum,28,CDM,3(9),371,1,0,0,0,0.3,61.7,0.3,0,6.25,1.0,0.6,0.3,0.0,0.8,0.7,0.1,0,0.3,0.4,0.8,0.1,0.2,0.9,15.0,0.2,0.7,0.0,0.34,0.66,0.08,4.0,0.09,CDM,,,,
Oliver Burke,Werder Bremen,27,"CAM, LAM, RAM, FW",1(14),255,2,0,0,0,0.5,70.3,0.5,0,6.25,0.1,0.0,0.2,0.0,0.0,0.0,0.0,0,0.3,0.1,0.3,0.2,0.3,0.8,4.9,0.0,0.0,0.0,1.19,0.81,0.42,8.0,0.15,CAM, LAM, RAM, FW,
Hannes Wolf,Borussia M.Gladbach,25,"CM, LM, RM",4(14),441,1,1,0,0,0.4,82.2,0.2,0,6.25,0.6,0.2,0.4,0.0,0.5,0.4,0.0,0,0.3,0.3,0.7,0.1,0.7,0.4,9.4,0.0,0.2,0.0,1.33,-0.33,0.27,8.0,0.17,CM, LM, RM,,
Agustín Rogel,Hertha Berlin,26,CB,14(6),1423,0,1,7,0,0.3,74.8,2.5,0,6.25,0.9,0.6,1.1,0.5,3.7,0.3,0.4,0,0.1,0.0,0.3,0.1,0.0,0.6,28.4,0.0,1.9,0.0,0.94,-0.94,0.06,5.0,0.19,CB,,,,
Lilian Egloff,VfB Stuttgart,21,CM,2(8),235,0,0,1,0,0.8,61.2,0.3,0,6.24,1.2,0.1,0.3,0.0,0.1,0.2,0.0,0,0.4,0.3,0.5,0.0,0.5,1.0,6.7,0.0,0.1,0.0,0.28,-0.28,0.11,8.0,0.04,CM,,,,
Angelo Fulgini,Mainz 05,27,"CAM, LAM, RAM, FW",5(11),520,0,1,1,0,0.5,81.3,0.3,0,6.24,0.4,0.3,0.4,0.1,0.3,0.4,0.0,0,0.5,0.5,0.9,0.1,0.4,0.8,14.1,0.1,0.2,0.0,0.65,-0.65,0.11,8.0,0.08,CAM, LAM, RAM, FW,
Daniel Caligiuri,Augsburg,36,"RB, CM, LM, RM, FW",2(11),285,1,0,1,0,0.5,63.3,0.4,0,6.24,0.6,0.2,0.4,0.2,0.2,0.1,0.2,0,0.3,0.4,0.3,0.0,0.3,0.4,9.2,0.2,0.7,0.0,0.29,0.71,0.09,6.0,0.05,RB, CM, LM, RM, FW
Vasilios Lampropoulos,Bochum,34,CB,7(8),622,0,0,2,0,0.4,68.1,1.2,0,6.23,0.7,0.9,0.5,0.8,2.7,0.2,0.2,0,0.1,0.0,0.4,0.0,0.1,0.3,15.7,0.0,0.8,0.0,0.29,-0.29,0.04,6.0,0.05,CB,,,,
Daley Blind,Bayern Munich,34,"CB, LB, CDM, LM",1(3),131,0,0,0,0,0.3,87.6,0.5,0,6.23,0.5,0.5,0.3,0.0,1.0,0.3,0.5,0,0.5,0.0,0.0,0.0,0.0,0.3,24.3,0.3,1.3,0.0,0.04,-0.04,0.03,1.0,0.04,CB, LB, CDM, LM,
Luca Kilian,FC Koln,24,CB,13(3),1123,1,0,1,2,0.3,86.0,1.4,0,6.23,1.4,0.7,0.4,0.5,2.9,0.6,0.5,0,0.2,0.1,0.1,0.0,0.2,0.3,42.3,0.0,1.9,0.0,0.82,0.18,0.07,4.0,0.21,CB,,,,
Patrick Osterhage,Bochum,24,CDM,11(12),1024,0,0,3,0,0.3,71.5,0.5,0,6.23,0.9,0.5,0.8,0.0,1.0,0.2,0.3,0,0.2,0.2,0.4,0.0,0.5,0.7,13.9,0.2,0.2,0.0,0.2,-0.2,0.02,6.0,0.03,CDM,,,,
Simon Zoller,Bochum,32,"LAM, RAM, FW",19(8),1463,3,2,5,0,1.1,65.3,0.6,1,6.23,0.4,0.2,0.8,0.0,0.7,0.3,0.0,0,0.3,0.1,0.3,0.3,0.2,0.7,11.4,0.0,0.5,0.0,4.43,-1.43,0.27,30.0,0.15,LAM, RAM, FW,,
Nathan Ngoumou,Borussia M.Gladbach,24,"LAM, RAM",7(13),692,1,0,0,0,0.7,76.8,0.4,0,6.23,0.6,0.1,0.4,0.0,0.2,0.3,0.0,0,0.2,0.4,0.3,0.2,0.2,0.9,9.5,0.3,0.1,0.0,1.04,-0.04,0.14,13.0,0.08,LAM, RAM,,,
Ondrej Duda,FC Koln,29,"CM, FW",9(4),694,0,0,4,0,0.9,77.3,0.4,0,6.22,0.7,0.2,1.2,0.0,0.2,0.5,0.1,0,0.6,0.7,1.4,0.1,1.0,1.2,20.3,0.2,1.1,0.0,1.13,-1.13,0.15,12.0,0.09,CM, FW,,,
Kasper Dolberg,Hoffenheim,26,FW,4(9),398,1,0,0,0,0.5,73.0,0.7,0,6.22,0.5,0.0,0.4,0.1,0.4,0.2,0.2,0,0.3,0.2,0.5,0.2,0.5,1.8,5.7,0.0,0.0,0.0,0.4,0.6,0.09,7.0,0.06,FW,,,,
Keke Topp,Schalke 04,20,FW,0(1),19,0,0,0,0,1.0,75.0,1.0,0,6.22,0.0,1.0,1.0,0.0,0.0,0.0,0.0,0,0.0,0.0,0.0,0.0,0.0,0.0,4.0,1.0,0.0,0.0,0.04,-0.04,0.17,1.0,0.04,FW,,,,
Jacek Góralski,Bochum,31,CDM,2(2),146,0,0,0,0,0.0,79.5,0.0,0,6.22,1.5,0.8,0.3,0.0,1.3,0.5,0.0,0,0.5,0.0,1.0,0.0,0.0,0.3,9.8,0.0,1.0,0.0,,,,,,CDM,,,,
Florian Müller,VfB Stuttgart,26,GK,19,1710,0,0,0,0,0.0,78.7,0.2,0,6.21,0.0,0.0,0.0,0.0,0.7,0.0,0.0,0,0.1,0.0,0.1,0.0,0.0,0.0,33.3,0.0,6.3,0.0,,,,,,GK,,,,
Moritz Broschinski,Bochum,23,FW,0(11),204,2,0,1,0,0.5,59.6,0.7,0,6.21,0.0,0.0,0.3,0.1,0.5,0.5,0.0,0,0.1,0.0,0.1,0.0,0.5,1.2,4.3,0.1,0.0,0.0,1.13,0.87,0.5,5.0,0.23,FW,,,,
Luca Waldschmidt,Wolfsburg,27,"CAM, LAM, RAM, FW",4(14),515,4,0,0,0,0.6,77.9,0.1,0,6.21,0.3,0.2,0.8,0.0,0.2,0.4,0.0,0,0.1,0.1,0.2,0.1,0.2,0.7,8.3,0.0,0.1,0.0,2.95,1.05,0.52,11.0,0.27,CAM, LAM, RAM, FW,
Saidy Janko,Bochum,28,"RB, RM",12(8),1132,0,0,1,0,0.1,73.0,0.5,0,6.21,1.2,0.6,1.0,0.0,1.6,0.4,0.5,0,0.1,0.7,0.4,0.0,0.5,0.9,16.5,0.1,1.0,0.0,0.03,-0.03,0.0,1.0,0.03,RB, RM,,,
Jamie Leweling,Union Berlin,23,"CAM, RAM, FW",0(16),248,1,1,1,0,0.6,78.3,0.1,0,6.21,0.3,0.1,0.4,0.0,0.0,0.1,0.0,0,0.2,0.3,0.6,0.1,0.5,0.9,2.9,0.1,0.1,0.0,0.91,0.09,0.33,9.0,0.1,CAM, RAM, FW,,
Jacob Bruun Larsen,Hoffenheim,25,"CAM, LAM, RAM, FW",3(9),323,1,0,0,0,0.6,72.3,0.3,0,6.2,0.3,0.1,0.1,0.0,0.0,0.1,0.1,0,0.6,0.2,0.1,0.3,0.5,0.8,6.9,0.2,0.0,0.0,1.15,-0.15,0.32,7.0,0.16,CAM, LAM, RAM, FW,
Jeong Woo-Yeong,Freiburg,24,"CAM, RAM, FW",4(22),641,1,1,2,0,0.5,80.8,0.1,0,6.2,0.3,0.0,0.5,0.0,0.3,0.1,0.0,0,0.2,0.3,0.3,0.0,0.3,0.5,9.0,0.1,0.2,0.0,1.83,-0.83,0.26,13.0,0.14,CAM, RAM, FW,,
Hugo Siquet,Freiburg,21,"RB, RM",0(2),15,0,0,0,0,0.0,80.0,0.5,0,6.2,1.0,0.0,0.0,0.0,0.0,0.0,0.0,0,0.0,0.0,0.5,0.0,0.5,0.5,2.5,0.0,0.0,0.0,,,,,,RB, RM,,,
Tom Bischof,Hoffenheim,18,CM,3(8),311,0,0,0,0,0.6,72.6,0.2,0,6.19,1.4,0.1,0.8,0.0,0.1,0.3,0.1,0,0.5,0.1,0.5,0.0,0.5,0.9,10.3,0.1,0.4,0.1,0.98,-0.98,0.28,7.0,0.14,CM,,,,
Lucas Alario,Eintracht Frankfurt,31,FW,2(18),317,1,0,0,0,0.6,65.9,1.1,0,6.19,0.2,0.1,0.5,0.0,0.6,0.1,0.0,0,0.1,0.3,0.1,0.3,0.4,0.2,4.3,0.0,0.1,0.0,1.42,-0.42,0.4,11.0,0.13,FW,,,,
Umut Tohumcu,Hoffenheim,19,CM,2(6),268,0,0,0,0,0.5,71.4,0.3,0,6.19,1.3,0.3,0.5,0.0,0.9,0.8,0.0,0,0.3,0.1,0.6,0.0,0.3,0.8,9.6,0.0,0.5,0.0,0.18,-0.18,0.06,4.0,0.04,CM,,,,
Maximilian Philipp,Wolfsburg,30,"CAM, LAM, RAM, FW",1(2),115,0,0,0,0,0.3,76.5,0.3,0,6.19,0.4,0.2,0.5,0.0,0.2,0.5,0.1,0,0.3,0.3,0.8,0.2,0.5,0.7,9.1,0.0,0.1,0.0,1.48,-0.48,0.3,11.0,0.13,CAM, LAM, RAM, FW,
Niklas Tauer,Mainz 05,23,CDM,0(3),92,0,0,0,0,0.3,88.9,0.7,0,6.19,0.7,0.7,0.3,0.0,1.3,0.7,0.3,0,0.0,0.0,0.0,0.0,0.3,0.3,18.0,0.3,0.3,0.0,0.05,-0.05,0.05,1.0,0.05,CDM,,,,
Peter Pekarík,Hertha Berlin,37,"LB, RB, RM",2(3),204,0,0,0,0,0.0,76.7,0.8,0,6.17,0.8,0.8,0.0,0.2,1.4,0.4,0.4,0,0.2,0.0,0.0,0.0,0.2,0.2,18.0,0.2,0.6,0.0,,,,,,LB, RB, RM,,
Irvin Cardona,Augsburg,26,"LAM, FW",0(10),310,1,0,2,0,0.9,55.6,0.3,0,6.17,0.1,0.4,0.2,0.0,0.5,0.4,0.0,0,0.3,0.4,0.5,0.1,0.4,1.3,6.3,0.1,0.1,0.0,2.65,-1.65,0.77,9.0,0.29,LAM, FW,,,
Luca Pfeiffer,VfB Stuttgart,27,"CAM, FW",6(13),692,0,0,1,1,0.6,64.3,1.6,0,6.17,0.1,0.1,0.7,0.0,0.3,0.1,0.0,0,0.6,0.1,0.5,0.1,0.3,0.7,10.5,0.1,0.4,0.1,2.02,-2.02,0.26,12.0,0.17,CAM, FW,,,
Julian Baumgartlinger,Augsburg,36,CDM,3(13),547,0,0,1,0,0.2,83.1,0.4,0,6.17,0.9,0.3,0.3,0.0,0.9,0.8,0.1,0,0.1,0.1,0.6,0.0,0.2,0.4,14.1,0.1,0.8,0.0,0.14,-0.14,0.02,3.0,0.05,CDM,,,,
Antonios Papadopoulos,Borussia Dortmund,24,CB,0(1),12,0,0,0,0,1.0,89.5,1.0,0,6.17,0.0,1.0,2.0,0.0,0.0,0.0,0.0,0,0.0,0.0,0.0,0.0,0.0,0.0,19.0,0.0,2.0,0.0,0.01,-0.01,0.1,1.0,0.01,CB,,,,
Kingsley Ehizibue,FC Koln,28,"RB, RM",1,62,0,0,0,0,1.0,57.9,1.0,0,6.17,0.0,2.0,2.0,0.0,1.0,0.0,0.0,0,0.0,0.0,2.0,0.0,0.0,2.0,19.0,0.0,0.0,0.0,0.01,-0.01,0.02,1.0,0.01,RB, RM,,,
Derry Scherhant,Hertha Berlin,21,LAM,2(8),280,1,0,0,0,0.4,71.7,0.2,0,6.16,0.7,0.0,0.2,0.0,0.5,0.4,0.0,0,0.1,0.6,0.2,0.0,0.8,0.8,4.6,0.0,0.0,0.0,0.33,0.67,0.11,4.0,0.08,LAM,,,,
Danny Latza,Schalke 04,34,CM,8(12),845,0,1,2,0,0.8,81.7,0.7,0,6.16,0.9,0.3,0.7,0.1,0.7,0.6,0.1,0,0.2,0.2,0.6,0.0,0.4,0.4,18.6,0.3,0.7,0.0,1.1,-1.1,0.12,16.0,0.07,CM,,,,
Eduardo Quaresma,Hoffenheim,22,CB,1(3),86,0,0,0,0,0.0,88.1,0.3,0,6.16,1.3,0.0,0.3,0.0,0.8,0.5,0.5,0,0.0,0.3,0.3,0.0,0.0,0.3,16.8,0.0,0.3,0.0,,,,,,CB,,,,
Diadié Samassékou,Hoffenheim,28,CDM,1(1),34,0,0,1,0,0.0,85.0,0.0,0,6.14,0.5,0.0,1.5,0.0,0.0,0.5,0.0,0,0.0,0.5,0.0,0.0,0.0,0.0,10.0,0.0,0.0,0.0,,,,,,CDM,,,,
Thomas Delaney,Hoffenheim,32,CDM,4(2),299,0,0,0,0,0.2,69.2,1.8,0,6.14,1.0,0.2,0.5,0.0,0.7,0.8,0.0,0,0.2,0.3,1.0,0.0,0.3,0.2,26.5,0.0,2.0,0.0,0.1,-0.1,0.03,1.0,0.1,CDM,,,,
Timothy Fosu-Mensah,Bayer Leverkusen,26,"CB, RB",1(10),186,0,0,1,0,0.3,79.8,0.2,0,6.14,0.6,0.0,0.3,0.0,0.1,0.0,0.0,0,0.4,0.0,0.1,0.1,0.1,0.3,8.5,0.1,0.1,0.0,0.11,-0.11,0.05,3.0,0.04,CB, RB,,,
Silvere Ganvoula,Bochum,27,FW,0(16),233,0,0,1,0,0.6,57.0,1.5,0,6.13,0.1,0.0,0.1,0.0,0.2,0.0,0.0,0,0.3,0.2,0.0,0.3,0.1,0.4,5.4,0.0,0.0,0.0,0.34,-0.34,0.13,9.0,0.04,FW,,,,
Tim Lemperle,FC Koln,22,FW,0(12),120,0,0,0,0,0.2,54.9,0.3,0,6.13,0.5,0.1,0.2,0.0,0.3,0.2,0.0,0,0.3,0.3,0.0,0.0,0.5,0.5,4.3,0.0,0.0,0.0,0.1,-0.1,0.07,2.0,0.05,FW,,,,
Jordan Larsson,Schalke 04,26,"CAM, RAM, FW",5(6),464,0,0,0,0,0.9,75.2,0.5,0,6.13,0.7,0.4,0.6,0.0,0.2,0.6,0.0,0,0.4,0.4,0.5,0.1,0.6,0.4,10.3,0.1,0.4,0.0,0.99,-0.99,0.19,10.0,0.1,CAM, RAM, FW,,
Yvandro Borges Sanches,Borussia M.Gladbach,19,LM,0(3),25,0,0,0,0,0.3,100.0,0.0,0,6.13,0.7,0.0,0.3,0.0,0.0,0.0,0.0,0,0.0,0.7,0.0,0.0,1.3,0.7,2.3,0.3,0.0,0.0,0.05,-0.05,0.16,1.0,0.05,LM,,,,
Nicolas Cozza,Wolfsburg,25,"CB, LB",0(5),98,0,0,0,0,0.0,73.8,0.2,0,6.12,0.6,0.0,0.0,0.0,0.0,0.2,0.2,0,0.0,0.0,0.2,0.0,0.4,0.2,8.4,0.0,0.6,0.0,,,,,,CB, LB,,,
Milos Pantovic,Union Berlin,27,"CAM, LAM, RAM",0(13),195,1,0,1,0,0.5,64.3,0.5,0,6.12,0.3,0.0,0.3,0.0,0.3,0.2,0.0,0,0.0,0.0,0.4,0.2,0.2,0.2,5.4,0.1,0.2,0.0,1.27,-0.27,0.58,6.0,0.21,CAM, LAM, RAM,,
Faride Alidou,Eintracht Frankfurt,22,"LAM, RAM",0(15),173,0,1,0,0,0.1,76.6,0.1,0,6.12,0.5,0.1,0.5,0.0,0.1,0.4,0.0,0,0.2,0.1,0.1,0.1,0.3,0.3,5.1,0.2,0.1,0.0,0.07,-0.07,0.04,2.0,0.04,LAM, RAM,,,
Juan José Perea,VfB Stuttgart,24,FW,3(13),412,1,0,0,0,0.1,68.6,0.4,0,6.12,0.3,0.1,0.8,0.0,0.2,0.1,0.1,0,0.1,0.3,0.8,0.4,0.6,1.1,4.4,0.1,0.3,0.0,0.19,0.81,0.04,2.0,0.1,FW,,,,
Florent Mollet,Schalke 04,32,"CAM, LAM, RAM",4(5),408,1,0,1,0,1.2,78.0,0.1,0,6.11,0.4,0.1,0.4,0.0,0.1,0.6,0.1,0,0.4,0.2,0.8,0.2,0.9,1.2,15.7,0.2,0.3,0.0,0.43,0.57,0.1,11.0,0.04,CAM, LAM, RAM,,
Timothée Kolodziejczak,Schalke 04,32,"CB, LB, LM",0(1),25,0,0,0,0,0.0,84.6,0.0,0,6.11,0.0,1.0,0.0,0.0,1.0,1.0,0.0,0,0.0,0.0,0.0,0.0,0.0,0.0,13.0,0.0,3.0,0.0,,,,,,CB, LB, LM,,
Tony Jantschke,Borussia M.Gladbach,34,"CB, RB, CDM",1(7),98,0,0,0,0,0.0,91.8,0.5,0,6.11,0.3,0.0,0.3,0.0,0.6,0.0,0.4,0,0.0,0.0,0.0,0.0,0.0,0.0,10.6,0.1,0.0,0.0,,,,,,CB, RB, CDM,,
Leo Greiml,Schalke 04,22,CB,3(4),356,0,0,2,0,0.1,82.3,1.4,0,6.11,1.4,0.4,1.7,0.1,2.3,1.0,0.4,0,0.1,0.1,0.3,0.0,0.0,0.4,27.4,0.0,1.6,0.0,0.1,-0.09,0.02,1.0,0.1,CB,,,,
Mathias Olesen,FC Koln,23,CAM,6(8),476,0,0,1,0,0.0,79.2,0.2,0,6.1,0.7,0.1,0.4,0.0,0.1,0.2,0.1,0,0.1,0.1,0.4,0.1,0.6,0.3,11.0,0.1,0.6,0.0,,,,,,CAM,,,,
Aster Vranckx,Wolfsburg,21,CM,0(1),7,0,0,0,0,0.0,66.7,0.0,0,6.1,0.0,0.0,0.0,0.0,1.0,0.0,0.0,0,0.0,0.0,1.0,0.0,0.0,0.0,3.0,0.0,0.0,0.0,,,,,,CM,,,,
Nils Petersen,Freiburg,35,FW,0(27),257,1,0,1,0,0.3,44.6,0.5,0,6.1,0.2,0.0,0.2,0.0,0.2,0.1,0.1,0,0.0,0.0,0.1,0.1,0.1,0.6,2.7,0.0,0.0,0.0,1.63,-0.63,0.57,9.0,0.18,FW,,,,
Ricardo Pepi,Augsburg,21,FW,1(3),95,0,0,0,0,0.3,66.7,0.8,0,6.09,0.3,0.0,0.0,0.0,0.3,0.0,0.0,0,0.5,0.8,0.0,0.0,0.0,1.0,6.8,0.0,0.0,0.0,0.06,-0.06,0.06,1.0,0.06,FW,,,,
Kevin-Prince Boateng,Hertha Berlin,37,"CM, LM, RM, FW",5(11),463,0,0,3,0,0.4,74.8,1.2,0,6.09,0.5,0.2,1.4,0.0,0.3,0.4,0.2,0,0.2,0.1,0.5,0.0,0.5,0.6,14.6,0.1,0.5,0.0,0.29,-0.29,0.06,6.0,0.05,CM, LM, RM, FW,
Oscar Fraulo,Borussia M.Gladbach,20,CDM,0(2),7,0,0,0,0,0.0,62.5,0.0,0,6.08,0.0,0.0,0.0,0.0,0.0,0.0,0.0,0,0.0,0.5,0.0,0.0,0.0,0.0,8.0,0.0,0.0,0.0,,,,,,CDM,,,,
Fabio Chiarodia,Werder Bremen,18,CB,1(2),66,0,0,0,0,0.0,68.2,0.3,0,6.08,0.0,0.7,0.0,0.0,1.0,0.0,0.0,0,0.0,0.0,0.0,0.0,0.0,0.0,7.3,0.0,0.7,0.0,,,,,,CB,,,,
Noah Sarenren Bazee,Augsburg,27,"CAM, RAM",0(2),18,0,0,0,0,0.0,50.0,0.0,0,6.08,0.0,0.0,0.5,0.0,0.0,0.5,0.0,0,0.5,0.5,0.5,0.0,0.0,0.5,1.0,0.0,0.0,0.0,,,,,,CAM, RAM,,,
Laurin Ulrich,VfB Stuttgart,19,CM,0(1),5,0,0,0,0,0.0,100.0,0.0,0,6.07,1.0,0.0,0.0,0.0,0.0,0.0,0.0,0,0.0,0.0,0.0,0.0,0.0,2.0,4.0,0.0,0.0,0.0,,,,,,CM,,,,
Delano Burgzorg,Mainz 05,25,"LAM, FW",0(13),237,0,1,2,0,0.3,76.5,0.1,0,6.06,0.2,0.0,0.3,0.0,0.2,0.1,0.0,0,0.1,0.5,0.3,0.2,0.5,1.0,3.9,0.0,0.1,0.0,0.13,-0.13,0.05,4.0,0.03,LAM, FW,,,
Tim Skarke,Union Berlin,27,"CAM, LAM, RAM, FW",0(3),51,0,0,1,0,1.3,70.8,0.0,0,6.06,1.4,0.0,0.4,0.0,0.4,0.3,0.0,0,1.1,0.2,0.8,0.3,0.6,1.8,13.0,0.8,0.4,0.0,0.55,0.45,0.11,11.0,0.05,CAM, LAM, RAM, FW,
Andrey Lunev,Bayer Leverkusen,32,GK,1,90,0,0,0,0,0.0,75.7,0.0,0,6.06,0.0,0.0,0.0,0.0,0.0,0.0,0.0,0,0.0,0.0,0.0,0.0,0.0,0.0,37.0,0.0,5.0,0.0,,,,,,GK,,,,
Mark Uth,FC Koln,32,"CAM, RAM, FW",1(3),45,0,0,2,0,0.3,84.6,0.3,0,6.06,0.0,0.0,0.5,0.0,0.0,0.0,0.0,0,0.0,0.3,0.3,0.0,0.0,0.5,3.3,0.0,0.3,0.0,0.03,-0.03,0.07,1.0,0.03,CAM, RAM, FW,,
Marlon Mustapha,Mainz 05,22,FW,0(6),67,0,0,1,0,0.5,54.5,0.2,0,6.05,0.3,0.0,0.5,0.0,0.0,0.0,0.0,0,0.2,0.3,0.0,0.2,0.3,1.2,3.7,0.0,0.0,0.0,0.5,-0.5,0.67,3.0,0.17,FW,,,,
Fisnik Asllani,Hoffenheim,21,FW,0(8),162,0,0,0,0,1.1,61.7,0.8,0,6.05,0.0,0.4,0.3,0.0,0.4,0.5,0.0,0,0.4,0.1,0.4,0.3,0.3,0.9,7.5,0.0,0.0,0.0,1.7,-1.7,0.94,9.0,0.19,FW,,,,
Patrick Herrmann,Borussia M.Gladbach,33,"LM, RM, FW",0(21),151,1,0,2,0,0.3,73.9,0.1,0,6.04,0.3,0.1,0.2,0.0,0.0,0.1,0.0,0,0.2,0.0,0.2,0.0,0.2,0.0,4.4,0.1,0.1,0.0,0.27,0.73,0.16,6.0,0.05,LM, RM, FW,,
Nicolai Rapp,Werder Bremen,27,"CB, CDM",0(7),67,0,0,0,0,0.1,80.7,0.1,0,6.04,0.4,0.0,0.3,0.0,0.1,0.4,0.0,0,0.0,0.0,0.0,0.0,0.0,0.0,8.1,0.0,0.4,0.0,0.12,-0.12,0.16,1.0,0.12,CB, CDM,,,
Myziane Maolida,Hertha Berlin,25,"LAM, RAM, FW",1(2),94,0,0,0,0,0.0,53.8,0.0,0,6.04,0.3,0.0,0.3,0.0,0.3,0.3,0.0,0,0.3,0.7,0.0,0.0,1.7,1.0,4.3,0.3,0.0,0.0,,,,,,LAM, RAM, FW,,
Nathanaël Mbuku,Augsburg,22,"CAM, LAM, RAM, FW",0(2),32,0,0,0,0,0.0,50.0,0.0,0,6.04,0.5,0.0,0.0,0.0,0.0,0.0,0.0,0,0.0,0.0,0.0,0.0,0.5,1.0,3.0,0.0,0.0,0.0,,,,,,CAM, LAM, RAM, FW,
Sidi Sané,Schalke 04,21,FW,1(1),25,0,0,0,0,0.0,100.0,0.0,0,6.04,0.5,0.0,0.0,0.0,0.0,0.5,0.0,0,0.0,0.0,0.0,0.0,0.0,0.5,3.5,0.0,0.5,0.0,,,,,,FW,,,,
Muhammed Damar,Hoffenheim,20,CM,1(5),157,0,0,0,0,0.2,85.2,0.3,0,6.04,1.0,0.0,1.0,0.0,0.0,0.2,0.0,0,0.5,0.0,0.2,0.0,0.3,1.5,10.2,0.0,0.0,0.0,0.08,-0.08,0.05,1.0,0.08,CM,,,,
Vladimír Darida,Hertha Berlin,33,"CM, LM, RM, FW",0(3),29,0,0,0,0,0.0,66.7,0.0,0,6.03,0.3,0.0,0.3,0.0,0.0,0.0,0.0,0,0.0,0.3,0.3,0.0,0.3,1.3,4.0,0.0,0.0,0.0,,,,,,CM, LM, RM, FW,
Eren Dinkçi,Werder Bremen,22,"CAM, RAM",0(17),215,0,0,0,0,0.4,66.7,0.3,0,6.02,0.3,0.0,0.3,0.0,0.1,0.2,0.0,0,0.4,0.2,0.1,0.1,0.2,0.9,3.9,0.1,0.1,0.0,0.5,-0.5,0.21,6.0,0.08,CAM, RAM,,,
Timothy Chandler,Eintracht Frankfurt,34,"RB, LM, RM",0(6),84,0,0,0,0,0.0,60.0,0.2,0,6.02,0.3,0.0,0.0,0.0,0.5,0.0,0.0,0,0.2,0.2,0.0,0.0,0.0,0.3,6.7,0.0,0.7,0.0,,,,,,RB, LM, RM,,
Dzenan Pejcinovic,Wolfsburg,19,FW,0(1),10,0,0,0,0,0.0,0.0,1.0,0,6.02,0.0,0.0,0.0,0.0,0.0,0.0,0.0,0,0.0,0.0,0.0,0.0,0.0,0.0,0.0,0.0,0.0,0.0,,,,,,FW,,,,
Semir Telalovic,Borussia M.Gladbach,24,FW,0(3),7,0,0,0,0,0.3,50.0,0.3,0,6.02,0.0,0.0,0.3,0.0,0.0,0.0,0.0,0,0.0,0.0,0.0,0.0,0.3,0.3,0.7,0.0,0.0,0.0,0.06,-0.06,0.77,1.0,0.06,FW,,,,
Jérôme Roussillon,Wolfsburg,31,"LB, LM",0(4),19,0,0,0,0,0.0,50.0,0.3,0,6.01,1.0,0.3,0.8,0.1,1.1,0.3,0.1,0,0.4,0.7,0.8,0.0,0.5,0.8,18.8,0.4,0.8,0.0,0.57,-0.57,0.05,9.0,0.06,LB, LM,,,
Marco Pasalic,Borussia Dortmund,23,CM,0(1),10,0,0,0,0,1.0,100.0,0.0,0,6.01,0.0,0.0,1.0,0.0,0.0,0.0,0.0,0,0.0,1.0,0.0,0.0,1.0,1.0,6.0,0.0,0.0,0.0,0.02,-0.02,0.22,1.0,0.02,CM,,,,
Kerim Çalhanoglu,Schalke 04,21,"LB, LM",0(3),60,0,0,0,0,0.3,69.2,0.3,0,6.01,0.7,0.0,1.0,0.0,1.0,0.0,0.0,0,1.0,0.0,0.3,0.0,0.0,1.0,8.7,0.3,1.3,0.0,0.03,-0.03,0.04,1.0,0.03,LB, LM,,,
Karim Bellarabi,Bayer Leverkusen,34,"CM, LM, RM, FW",1(7),80,0,0,0,0,0.0,75.0,0.0,0,6.01,0.3,0.0,0.3,0.0,0.0,0.1,0.0,0,0.0,0.1,0.0,0.3,0.3,0.1,6.0,0.0,0.0,0.0,,,,,,CM, LM, RM, FW,
Justin Diehl,FC Koln,19,FW,0(2),15,0,0,0,0,0.0,100.0,0.0,0,6.01,0.0,0.0,0.0,0.0,0.0,0.0,0.0,0,0.0,0.0,0.5,0.5,0.0,0.0,1.0,0.0,0.0,0.0,,,,,,FW,,,,
Aaron Zehnter,Augsburg,19,LM,0(1),1,0,0,0,0,0.0,0.0,0.0,0,6.0,0.0,1.0,0.0,0.0,0.0,1.0,0.0,0,0.0,0.0,0.0,0.0,0.0,0.0,2.0,0.0,0.0,0.0,,,,,,LM,,,,
Ayman Azhil,Bayer Leverkusen,23,CDM,0(1),1,0,0,0,0,0.0,0.0,0.0,0,6.0,0.0,0.0,0.0,0.0,0.0,0.0,0.0,0,0.0,0.0,0.0,0.0,0.0,0.0,0.0,0.0,0.0,0.0,,,,,,CDM,,,,
Dikeni-Rafid Salifou,Werder Bremen,20,CM,0(1),1,0,0,0,0,0.0,0.0,0.0,0,6.0,0.0,0.0,0.0,0.0,0.0,0.0,0.0,0,0.0,0.0,0.0,0.0,0.0,0.0,0.0,0.0,0.0,0.0,,,,,,CM,,,,
Joshua Quarshie,Hoffenheim,19,CB,0(1),1,0,0,0,0,0.0,0.0,0.0,0,6.0,0.0,0.0,0.0,0.0,0.0,0.0,0.0,0,0.0,0.0,0.0,0.0,0.0,0.0,1.0,0.0,0.0,0.0,,,,,,CB,,,,
Julian Eitschberger,Hertha Berlin,20,CB,0(1),1,0,0,0,0,0.0,100.0,0.0,0,6.0,0.0,0.0,0.0,0.0,0.0,0.0,0.0,0,0.0,0.0,0.0,0.0,0.0,0.0,1.0,0.0,0.0,0.0,,,,,,CB,,,,
Noah Mbamba,Bayer Leverkusen,19,CM,0(1),1,0,0,0,0,0.0,0.0,0.0,0,6.0,0.0,0.0,0.0,0.0,0.0,0.0,0.0,0,0.0,0.0,0.0,0.0,0.0,0.0,0.0,0.0,0.0,0.0,,,,,,CM,,,,
Rocco Reitz,Borussia M.Gladbach,21,CM,0(1),2,0,0,0,0,0.0,100.0,0.0,0,6.0,0.0,0.0,0.0,0.0,0.0,0.0,0.0,0,0.0,0.0,0.0,0.0,0.0,0.0,2.0,0.0,0.0,0.0,,,,,,CM,,,,
Sanoussy Ba,RB Leipzig,20,CB,0(1),1,0,0,0,0,0.0,0.0,0.0,0,6.0,0.0,0.0,0.0,0.0,0.0,0.0,0.0,0,0.0,0.0,0.0,0.0,0.0,0.0,0.0,0.0,0.0,0.0,,,,,,CB,,,,
Lukas Petkov,Augsburg,23,FW,0(7),140,0,0,1,0,0.3,51.5,0.7,0,5.99,0.7,0.1,0.6,0.0,0.0,0.1,0.1,0,0.0,0.1,0.1,0.0,0.4,0.9,4.7,0.0,0.1,0.0,0.04,-0.04,0.02,2.0,0.02,FW,,,,
Bouna Sarr,Bayern Munich,32,"RB, CM, LM, RM",0(1),2,0,0,0,0,0.0,50.0,0.0,0,5.99,0.0,0.0,0.0,0.0,0.0,0.0,0.0,0,0.0,0.0,0.0,0.0,0.0,0.0,2.0,0.0,0.0,0.0,,,,,,RB, CM, LM, RM,
Brajan Gruda,Mainz 05,19,CAM,0(2),2,0,0,0,0,0.0,33.3,0.0,0,5.99,0.0,0.0,0.5,0.0,0.0,0.0,0.0,0,0.5,0.0,0.0,0.0,0.5,0.0,1.5,0.5,0.0,0.0,,,,,,CAM,,,,
Dario Gebuhr,Eintracht Frankfurt,20,CB,0(1),20,0,0,0,0,0.0,83.3,0.0,0,5.98,0.0,0.0,0.0,0.0,0.0,1.0,0.0,0,0.0,0.0,0.0,0.0,0.0,0.0,12.0,0.0,1.0,0.0,,,,,,CB,,,,
Kimberly Ezekwem,Freiburg,22,CB,0(1),7,0,0,0,0,0.0,71.4,0.0,0,5.98,0.0,0.0,0.0,0.0,0.0,0.0,0.0,0,0.0,0.0,0.0,0.0,0.0,0.0,7.0,0.0,0.0,0.0,,,,,,CB,,,,
Marcel Wenig,Eintracht Frankfurt,19,CM,0(1),3,0,0,0,0,0.0,90.0,0.0,0,5.98,0.0,0.0,0.0,0.0,0.0,0.0,0.0,0,0.0,0.0,0.0,0.0,0.0,1.0,10.0,0.0,0.0,0.0,,,,,,CM,,,,
Jonathan Schmid,Freiburg,33,"RB, CM, LM, RM",0(3),38,0,0,0,0,0.3,90.9,0.0,0,5.97,0.3,0.3,0.3,0.0,0.3,0.0,0.0,0,0.3,0.3,0.0,0.0,0.0,0.3,7.3,0.7,0.0,0.0,0.11,-0.11,0.26,1.0,0.11,RB, CM, LM, RM,
Robert Wagner,Freiburg,20,CM,0(4),36,0,0,1,0,0.5,46.7,0.5,0,5.97,0.0,0.0,0.0,0.0,0.5,0.0,0.0,0,0.0,0.0,0.3,0.0,0.3,0.3,3.8,0.0,0.0,0.0,0.44,-0.44,1.09,2.0,0.22,CM,,,,
Joel Pohjanpalo,Bayer Leverkusen,29,FW,0(1),3,0,0,0,0,0.0,0.0,0.0,0,5.96,0.0,0.0,0.0,0.0,0.0,0.0,0.0,0,0.0,0.0,0.0,1.0,0.0,0.0,1.0,0.0,0.0,0.0,,,,,,FW,,,,
Tony Rölke,Hertha Berlin,21,FW,0(1),19,0,0,0,0,0.0,62.5,0.0,0,5.95,0.0,0.0,1.0,0.0,0.0,0.0,0.0,0,0.0,0.0,0.0,0.0,0.0,1.0,8.0,0.0,0.0,0.0,,,,,,FW,,,,
Thomas Kastanaras,VfB Stuttgart,21,FW,1(3),71,0,0,0,0,0.5,81.3,0.0,0,5.95,0.0,0.0,0.0,0.0,0.0,0.0,0.0,0,0.3,0.0,0.0,0.0,0.0,1.3,4.0,0.3,0.0,0.0,0.16,-0.16,0.21,2.0,0.08,FW,,,,
Filip Kostic,Eintracht Frankfurt,31,"LM, RM, FW",1,74,0,0,1,0,1.0,69.2,0.0,0,5.93,2.0,1.0,1.0,0.0,0.0,0.0,0.0,0,1.0,1.0,1.0,0.0,1.0,0.0,26.0,1.0,1.0,0.0,0.02,-0.02,0.03,1.0,0.02,LM, RM, FW,,
Alou Kuol,VfB Stuttgart,22,FW,0(1),5,0,0,0,0,0.0,100.0,0.0,0,5.92,0.0,0.0,0.0,0.0,0.0,0.0,0.0,0,0.0,0.0,0.0,0.0,1.0,0.0,1.0,0.0,0.0,0.0,,,,,,FW,,,,
Andreas Ivan,Schalke 04,29,CM,0(1),45,0,0,0,0,1.0,90.0,0.0,0,5.91,0.0,0.0,1.0,0.0,1.0,1.0,0.0,0,0.0,0.0,0.0,0.0,1.0,0.0,10.0,0.0,0.0,0.0,0.03,-0.03,0.06,1.0,0.03,CM,,,,
Justin Njinmah,Borussia Dortmund,23,FW,0(1),21,0,0,0,0,0.0,0.0,0.0,0,5.91,0.0,0.0,0.0,0.0,0.0,0.0,0.0,0,0.0,0.0,3.0,0.0,2.0,0.0,2.0,0.0,0.0,0.0,,,,,,FW,,,,
Felix Agu,Werder Bremen,24,"LB, RB, LM, RM",0(3),48,0,0,0,0,0.3,66.7,0.3,0,5.91,0.3,0.0,1.0,0.0,0.0,0.0,0.3,0,0.3,0.0,1.0,0.0,0.7,0.3,6.0,0.0,0.3,0.0,0.04,-0.04,0.08,1.0,0.04,LB, RB, LM, RM,
Tim Oermann,Bochum,20,RB,2(2),193,0,0,0,0,0.0,76.5,1.0,0,5.89,0.5,0.3,0.8,0.3,1.8,0.0,0.5,0,0.0,0.0,0.0,0.0,0.0,0.3,12.8,0.0,1.3,0.0,,,,,,RB,,,,
Jean-Manuel Mbom,Werder Bremen,24,"RB, CDM, RM",0(2),5,0,0,0,0,0.0,66.7,0.0,0,5.89,0.0,0.0,0.5,0.0,0.0,0.5,0.0,0,0.0,0.0,0.5,0.0,0.0,0.0,1.5,0.0,0.0,0.0,,,,,,RB, CDM, RM,,
Alexander Sørloth,RB Leipzig,28,"CAM, RAM, FW",0(1),5,0,0,1,0,0.0,100.0,0.0,0,5.87,0.0,0.0,1.0,0.0,0.0,0.0,0.0,0,0.0,0.0,0.0,0.0,0.0,0.0,2.0,0.0,0.0,0.0,,,,,,CAM, RAM, FW,,
Eniss Shabani,Mainz 05,20,CM,0(1),9,0,0,1,0,0.0,83.3,0.0,0,5.86,0.0,0.0,1.0,0.0,0.0,0.0,0.0,0,0.0,0.0,0.0,0.0,0.0,1.0,6.0,0.0,0.0,0.0,,,,,,CM,,,,
Jannes Horn,Bochum,27,"CB, LB, LM",1(1),59,0,0,1,0,0.0,82.4,0.0,0,5.84,1.0,1.5,0.5,0.0,0.5,0.0,0.0,0,0.0,0.0,0.0,0.0,0.0,0.0,8.5,0.0,0.5,0.0,,,,,,CB, LB, LM,,
Tymoteusz Puchacz,Union Berlin,25,"LB, LM",1,59,0,0,0,0,0.0,73.1,0.0,0,5.8,1.0,0.0,0.0,0.0,1.0,0.0,0.0,0,1.0,0.0,0.0,0.0,0.0,4.0,26.0,0.0,1.0,0.0,,,,,,LB, LM,,,
Soumaïla Coulibaly,Borussia Dortmund,20,CB,0(1),45,0,0,0,0,0.0,97.8,1.0,0,5.12,0.0,0.0,1.0,0.0,0.0,0.0,0.0,0,0.0,0.0,0.0,0.0,0.0,0.0,46.0,0.0,0.0,0.0,,,,,,CB,,,,
Lukás Ambros,Wolfsburg,19,CM,0(1),16,0,0,0,0,0.0,100.0,0.0,0,5.08,1.0,0.0,0.0,0.0,2.0,3.0,0.0,0,0.0,0.0,1.0,0.0,0.0,0.0,3.0,0.0,0.0,0.0,,,,,,CM,,,,
Stefan Posch,Hoffenheim,26,"CB, RB",1,19,0,0,0,1,0.0,66.7,0.0,0,4.88,0.0,0.0,2.0,0.0,0.0,0.0,0.0,0,0.0,0.0,0.0,0.0,0.0,0.0,12.0,0.0,0.0,0.0,,,,,,CB, RB,,,
