player_name,team_name,Total_Key passes,Long,Short
Armand Laurienté,Lorient,3,0,3
Lionel Messi,Paris Saint-Germain,2.9,0.6,2.3
Kylian Mbappé,Paris Saint-Germain,1.6,0.1,1.6
Martin Terrier,Rennes,1.6,0.1,1.6
Neymar,Paris Saint-Germain,2.5,0.4,2.1
Sofiane Diop,Monaco,3,1,2
Dango Ouattara,Lorient,1.3,0.1,1.2
Alexandre Lacazette,Lyon,1.4,0.1,1.3
Rémy Cabella,Lille,3.2,0.6,2.5
Lucas Paquetá,Lyon,1.5,0.5,1
Téji Savanier,Montpellier,1.9,0.8,1.1
Enzo Le Fée,Lorient,1.9,0.5,1.4
Romain Faivre,Lorient,1.1,0.1,0.9
Terem Moffi,Nice,1.7,0,1.7
Joaquín Blázquez,Brest,0,0,0
Jonathan David,Lille,1.4,0.1,1.4
Benjamin André,Lille,0.6,0.1,0.5
Benjamin Lecomte,Montpellier,0.1,0,0.1
Benjamin Bourigeaud,Rennes,2.6,0.8,1.8
Issiaga Sylla,Montpellier,1.1,0.1,1
Florian Sotoca,Lens,1.6,0.2,1.3
Amine Gouiri,Rennes,1.1,0.1,1.1
Gaëtan Laborde,Nice,1.3,0.2,1.2
Aleksandr Golovin,Monaco,1.7,0.4,1.3
Seko Fofana,Lens,1,0.1,0.9
Kiki Kouyaté,Montpellier,0.1,0,0.1
Ghjuvanni Quilichini,AC Ajaccio,0,0,0
Andrei Girotto,Nantes,0.4,0.1,0.3
Edon Zhegrova,Lille,1.4,0.5,0.9
Donovan Léon,Auxerre,0,0,0
Branco van den Boomen,Toulouse,2.5,1.2,1.3
Jérémy Doku,Rennes,1,0,1
Jean-Ricner Bellegarde,Strasbourg,1.9,0.5,1.4
Steve Mounié,Brest,0.6,0,0.6
Wissam Ben Yedder,Monaco,0.8,0,0.8
Fabien Centonze,Nantes,0.5,0.1,0.4
Nathan Ngoumou,Toulouse,1,0,1
Sofiane Boufal,Angers,2.1,0.4,1.7
Nuno Mendes,Paris Saint-Germain,1,0,1
Maxence Caqueret,Lyon,1.7,0.3,1.4
Alexis Sánchez,Marseille,1.6,0.2,1.4
Habib Diallo,Strasbourg,0.7,0,0.7
Nabil Bentaleb,Angers,1.1,0.4,0.7
Przemyslaw Frankowski,Lens,1.8,0.4,1.5
Ludovic Blas,Nantes,1.3,0.3,0.9
Terem Moffi,Lorient,0.5,0,0.5
Valentin Rongier,Marseille,0.9,0.1,0.8
Franck Honorat,Brest,2.7,0.8,1.9
Loïs Openda,Lens,0.6,0,0.6
Rayan Cherki,Lyon,2,0.4,1.6
Pierre Lees-Melou,Brest,0.5,0.1,0.4
Hicham Boudaoui,Nice,0.9,0.1,0.8
Nicolas Pépé,Nice,1.5,0.5,1
Jonathan Clauss,Marseille,1.4,0.1,1.3
Jonathan Gradit,Lens,0.4,0.2,0.2
Dante,Nice,0.3,0.1,0.2
Yunis Abdelhamid,Reims,0.4,0,0.3
Rasmus Nicolaisen,Toulouse,0.1,0,0.1
Achraf Hakimi,Paris Saint-Germain,1.2,0.1,1.1
Yehvann Diouf,Reims,0,0,0
Kevin Danso,Lens,0.3,0,0.2
Bradley Barcola,Lyon,1,0,1
Marco Verratti,Paris Saint-Germain,1.1,0.1,1
Vanderson,Monaco,0.9,0.1,0.7
Kenny Lala,Brest,1.4,0.7,0.7
Tetê,Lyon,0.6,0.1,0.5
Adrien Thomasson,Lens,1,0.1,0.9
Alexander Djiku,Strasbourg,0.4,0.1,0.3
Caio Henrique,Monaco,1.5,0.4,1.1
Karl Toko-Ekambi,Lyon,1.4,0.2,1.2
Jonathan Bamba,Lille,1.4,0,1.4
Dejan Lovren,Lyon,0.1,0,0.1
Neto Borges,Clermont Foot,0.8,0.1,0.7
Khéphren Thuram,Nice,1,0.1,1
Folarin Balogun,Reims,1,0.1,0.9
Azor Matusiwa,Reims,0.8,0.1,0.7
Mateusz Lis,Troyes,0,0,0
Youssouf Fofana,Monaco,0.9,0.1,0.8
Fabián Ruiz,Paris Saint-Germain,0.6,0,0.6
Junya Ito,Reims,1.9,0.3,1.6
Romain Del Castillo,Brest,1.3,0.7,0.7
Gianluigi Donnarumma,Paris Saint-Germain,0,0,0
Marshall Munetsi,Reims,0.9,0.1,0.9
Youcef Belaïli,AC Ajaccio,1.2,0.1,1.1
Paul Joly,Auxerre,0.7,0.3,0.4
Cengiz Ünder,Marseille,1.5,0.3,1.2
Elye Wahi,Montpellier,0.7,0,0.7
Rony Lopes,Troyes,1.6,0.8,0.8
Nicolás Tagliafico,Lyon,0.7,0.1,0.6
Malo Gusto,Lyon,1.1,0.3,0.8
Benoît Badiashile,Monaco,0.1,0.1,0
Gaëtan Laborde,Rennes,0.8,0,0.8
Morgan Sanson,Strasbourg,1,0.2,0.8
Nuno Tavares,Marseille,0.8,0.1,0.6
Jordan Veretout,Marseille,0.9,0.3,0.6
Baptiste Santamaría,Rennes,0.5,0.1,0.4
Rafael Ratão,Toulouse,1,0,1
Frédéric Guilbert,Strasbourg,0.9,0.2,0.7
Axel Disasi,Monaco,0.2,0,0.2
Samuel Gigot,Marseille,0.2,0,0.2
Breel Embolo,Monaco,0.9,0,0.8
Adrien Truffert,Rennes,0.8,0.1,0.7
Ismaily,Lille,0.9,0,0.8
Corentin Tolisso,Lyon,1.1,0.1,1
Jaouen Hadjam,Nantes,0.5,0,0.5
Alexis Flips,Reims,1.3,0.5,0.8
Mory Diaw,Clermont Foot,0.1,0.1,0
Nathan Zézé,Nantes,0,0,0
Hamari Traoré,Rennes,0.7,0,0.7
Djed Spence,Rennes,0.3,0,0.3
Sergio Ramos,Paris Saint-Germain,0.1,0,0.1
Jordan Lotomba,Nice,0.5,0,0.5
Chancel Mbemba,Marseille,0.1,0,0.1
Angelo Fulgini,Lens,1.6,0.4,1.2
Stijn Spierings,Toulouse,0.6,0.2,0.4
Pau López,Marseille,0.1,0.1,0
Alban Lafont,Nantes,0,0,0
Luis Suárez,Marseille,0.4,0,0.4
Florian Tardieu,Troyes,1.1,0.4,0.7
Mikkel Desler,Toulouse,0.6,0,0.6
Facundo Medina,Lens,0.5,0,0.4
Maxime Dupé,Toulouse,0,0,0
Adam Ounas,Lille,1.2,0.1,1.1
Brendan Chardonnet,Brest,0.3,0.1,0.2
Montassar Talbi,Lorient,0.1,0,0.1
Andrei Radu,Auxerre,0.1,0.1,0
Johan Gastien,Clermont Foot,0.9,0.3,0.6
Alexsandro Ribeiro,Lille,0.1,0,0.1
Salis Abdul Samed,Lens,0.5,0,0.5
Emmanuel Agbadou,Reims,0.4,0.1,0.3
Kasper Schmeichel,Nice,0.1,0.1,0
Jean-Clair Todibo,Nice,0.1,0,0.1
Mohamed Camara,Monaco,0.6,0,0.6
Krépin Diatta,Monaco,0.8,0,0.8
Himad Abdelli,Angers,1.2,0.1,1.1
Rominigue Kouamé,Troyes,0.7,0.1,0.7
Brice Samba,Lens,0.1,0.1,0
Arnaud Nordin,Montpellier,0.6,0,0.5
Danilo Pereira,Paris Saint-Germain,0.1,0,0.1
Guillermo Maripán,Monaco,0.1,0,0.1
Nordi Mukiele,Paris Saint-Germain,0.5,0.1,0.5
Youcef Atal,Nice,0.6,0.3,0.3
Melvin Bard,Nice,0.3,0,0.3
Sinaly Diomandé,Lyon,0.1,0,0.1
Alidu Seidu,Clermont Foot,0.3,0.1,0.1
Faitout Maouassa,Montpellier,0.7,0.2,0.5
Jimmy Cabot,Lens,1.5,0.5,1.1
Sead Kolasinac,Marseille,0.3,0,0.3
Vitinha,Paris Saint-Germain,0.8,0.1,0.7
Christopher Jullien,Montpellier,0.2,0,0.2
Saîf-Eddine Khaoui,Clermont Foot,1.1,0.2,0.9
Jérémy Le Douaron,Brest,0.5,0,0.5
Azzedine Ounahi,Angers,1.1,0.3,0.9
Castello Lukeba,Lyon,0.1,0,0.1
Mama Baldé,Troyes,0.6,0,0.6
Gideon Mensah,Auxerre,1,0.1,0.9
Ante Palaversa,Troyes,1,0.5,0.5
Sofiane Diop,Nice,1,0.3,0.7
Jubal,Auxerre,0.1,0,0.1
Leonardo Balerdi,Marseille,0.1,0,0.1
Quentin Merlin,Nantes,1.4,0.5,1
Badredine Bouanani,Nice,1.2,0.2,1
Lovro Majer,Rennes,1.1,0.1,1
Laurent Abergel,Lorient,0.5,0.1,0.4
Deiver Machado,Lens,0.6,0,0.6
Warmed Omari,Rennes,0.3,0.1,0.2
Marquinhos,Paris Saint-Germain,0.3,0,0.3
Théo Sainte-Luce,Montpellier,0.7,0,0.7
Lucien Agoumé,Troyes,0.8,0.2,0.6
Désiré Doué,Rennes,0.6,0.1,0.5
Vito Mannone,Lorient,0,0,0
Mario Lemina,Nice,0.3,0,0.3
Angel Gomes,Lille,0.9,0.3,0.7
Arthur Theate,Rennes,0.3,0,0.2
André Gomes,Lille,0.5,0.1,0.4
Steve Mandanda,Rennes,0,0,0
Marco Bizot,Brest,0,0,0
Zakaria Aboukhlal,Toulouse,0.6,0,0.6
Farès Chaïbi,Toulouse,0.8,0.1,0.8
Jean-Charles Castelletto,Nantes,0.2,0,0.2
Aaron Ramsey,Nice,1,0.3,0.8
Tiago Djaló,Lille,0.1,0,0.1
Gédéon Kalulu,Lorient,0.8,0.1,0.7
Han-Noah Massengo,Auxerre,0.8,0,0.8
Nuno da Costa,Auxerre,0.8,0.1,0.6
Anthony Lopes,Lyon,0,0,0
Andy Delort,Nice,0.8,0.1,0.6
Jeffinho,Lyon,0.8,0,0.8
Alexander Nübel,Monaco,0,0,0
Jonas Omlin,Montpellier,0,0,0
Karl Toko-Ekambi,Rennes,0.7,0,0.7
Youssouf Ndayishimiye,Nice,0.1,0,0.1
Joris Chotard,Montpellier,0.8,0.3,0.5
Bamo Meïté,Lorient,0.1,0,0.1
Nicolas Pallois,Nantes,0.2,0,0.2
Dimitri Payet,Marseille,1.3,0.2,1.1
Bafodé Diakité,Lille,0.2,0,0.2
Chrislain Matsima,Monaco,0.1,0,0.1
Jeanuël Belocian,Rennes,0.1,0,0.1
Quentin Bernard,Auxerre,1,0.6,0.4
Lilian Brassier,Brest,0.2,0,0.2
Anthony Rouault,Toulouse,0.1,0.1,0.1
Maximiliano Caufriez,Clermont Foot,0,0,0
Cheick Keita,Reims,0.1,0.1,0
Maxime Le Marchand,Strasbourg,0.1,0.1,0
Issiaga Sylla,Toulouse,0.4,0,0.4
Grejohn Kyei,Clermont Foot,0.4,0,0.4
Thijs Dallinga,Toulouse,0.6,0,0.6
Ruslan Malinovskyi,Marseille,1,0.2,0.8
Ismaël Doukouré,Strasbourg,0.1,0.1,0
Joe Rodon,Rennes,0.1,0,0.1
Mostafa Mohamed,Nantes,0.4,0,0.4
Julien Laporte,Lorient,0.1,0.1,0
Eliesse Ben Seghir,Monaco,0.7,0,0.7
Gabriel Suazo,Toulouse,0.6,0,0.6
Vincent Le Goff,Lorient,0.4,0.1,0.3
Mahdi Camara,Brest,0.3,0,0.3
Mattéo Guendouzi,Marseille,0.6,0.1,0.5
Hamza Sakhi,Auxerre,1.4,0.4,1
Lucas Chevalier,Lille,0.1,0.1,0
Flavien Tait,Rennes,0.8,0.1,0.7
Arnaud Kalimuendo,Rennes,0.4,0,0.4
Christopher Wooh,Rennes,0.1,0,0.1
Xavier Chavalerin,Troyes,0.6,0.2,0.5
Matz Sels,Strasbourg,0,0,0
Wahbi Khazri,Montpellier,0.7,0.2,0.5
Quentin Boisgard,Lorient,0.8,0,0.8
Presnel Kimpembe,Paris Saint-Germain,0.1,0,0.1
Isaak Touré,Auxerre,0.4,0.1,0.4
Jens Cajuste,Reims,0.5,0,0.5
Thiago Mendes,Lyon,0.3,0.1,0.3
Saël Kumbedi,Lyon,0.5,0.1,0.4
Mateusz Wieteska,Clermont Foot,0.1,0,0.1
Thomas Foket,Reims,1,0,0.9
Juan Bernat,Paris Saint-Germain,0.8,0,0.8
Gauthier Gallon,Troyes,0,0,0
Thibault De Smet,Reims,0.5,0,0.5
Kevin Gameiro,Strasbourg,0.7,0,0.7
Yvon Mvogo,Lorient,0,0,0
Jackson Porozo,Troyes,0.1,0,0
Habib Diarra,Strasbourg,0.8,0.1,0.7
Birama Touré,Auxerre,0.1,0.1,0.1
Lilian Raolisoa,Angers,0.4,0,0.4
Lucas Perrin,Strasbourg,0.3,0.2,0.2
Hugo Ekitike,Paris Saint-Germain,0.4,0,0.4
Jean Lucas,Monaco,0.5,0,0.5
Cheick Oumar Konaté,Clermont Foot,0.2,0.1,0.1
Dénys Bain,Auxerre,0,0,0
Rhys Healey,Toulouse,0.5,0,0.5
Bradley Locko,Reims,0.5,0.1,0.5
José Fonte,Lille,0.1,0,0.1
Yan Valery,Angers,0.4,0.1,0.3
Elbasan Rashani,Clermont Foot,0.6,0.1,0.6
Ludovic Ajorque,Strasbourg,0.8,0.2,0.6
Loïc Badé,Rennes,1,0,1
Issa Kaboré,Marseille,0.6,0,0.5
Yahia Fofana,Angers,0,0,0
Ignatius Ganago,Nantes,0.4,0,0.4
Mounaïm El Idrissy,AC Ajaccio,0.4,0,0.4
Alexis Claude-Maurice,Lens,0.4,0,0.4
Andreaw Gravillon,Reims,0.2,0.1,0.2
Mathias Autret,Auxerre,1.2,0.5,0.7
Yusuf Yazici,Lille,2,0.5,1.5
Bingourou Kamara,Montpellier,0,0,0
Muhammed Cham,Clermont Foot,0.8,0.2,0.6
Jordan Ferri,Montpellier,0.9,0.2,0.7
Renaud Ripart,Troyes,0.8,0,0.8
Moses Simon,Nantes,1.2,0.3,0.9
Thomas Delaine,Strasbourg,0.5,0.1,0.5
Leandro Paredes,Paris Saint-Germain,0.7,0,0.7
Maxime Gonalons,Clermont Foot,0.4,0.1,0.2
Faouzi Ghoulam,Angers,1.4,0.9,0.6
Jean-Kévin Duverne,Brest,0.3,0.1,0.2
Ross Barkley,Nice,1.1,0.3,0.9
Nicolas Cozza,Montpellier,0.4,0.1,0.3
Stephy Mavididi,Montpellier,0.5,0,0.5
Jean-Louis Leca,Lens,0,0,0
Amine Harit,Marseille,1.5,0.2,1.3
Henrique,Lyon,0.1,0,0.1
Rémy Riou,Lyon,0,0,0
Edan Diop,Monaco,0.4,0,0.4
David Pereira da Costa,Lens,0.9,0,0.9
Maxime Esteve,Montpellier,0,0,0
Timothy Weah,Lille,0.6,0,0.6
Gabriel Gudmundsson,Lille,0.6,0,0.6
Mohamed Youssouf,AC Ajaccio,0.5,0.1,0.4
Igor Silva,Lorient,0.3,0,0.3
Noah Fadiga,Brest,0.1,0,0.1
Falaye Sacko,Montpellier,0.5,0.1,0.5
Dimitri Liénard,Strasbourg,1.1,0.6,0.5
Florent Mollet,Nantes,1.2,0.5,0.7
Antoine Mendy,Nice,0.5,0,0.5
Pedro Chirivella,Nantes,0.9,0.2,0.8
Akim Zedadka,Auxerre,0.7,0,0.7
Rayan Raveloson,Auxerre,0.4,0.1,0.3
Pape Gueye,Marseille,0.3,0.1,0.2
Ronaël Pierre-Gabriel,Strasbourg,0.3,0.1,0.1
Kamory Doumbia,Reims,0.7,0,0.7
Haris Belkebla,Brest,0.3,0.1,0.2
Evann Guessand,Nantes,0.4,0,0.4
Brecht Dejaegere,Toulouse,0.6,0.1,0.5
Jean Onana,Lens,0.3,0,0.2
Kenji-Van Boto,Auxerre,0,0,0
Yohann Magnin,Clermont Foot,0.6,0.1,0.5
Johann Lepenant,Lyon,0.3,0,0.3
Mickaël Barreto,AC Ajaccio,0.9,0.2,0.8
Vincent Marchetti,AC Ajaccio,0.5,0.1,0.4
Arkadiusz Milik,Marseille,0.5,0,0.5
Bamba Dieng,Lorient,0.3,0,0.3
Lesley Ugochukwu,Rennes,0.1,0,0.1
Théo Le Bris,Lorient,0.5,0,0.5
Sanjin Prcic,Strasbourg,0.4,0.1,0.3
Gerson,Marseille,0.4,0.1,0.3
Massadio Haïdara,Lens,0.2,0.1,0.2
Xeka,Rennes,0,0,0
Aiman Maurer,Clermont Foot,0.6,0,0.6
Youssouf Koné,AC Ajaccio,0.1,0,0.1
Gaetan Perrin,Auxerre,0.7,0.2,0.5
Kamaldeen Sulemana,Rennes,0.4,0,0.4
Reda Belahyane,Nice,0.3,0,0.3
Damien Da Silva,Lyon,0,0,0
Abdu Conté,Troyes,0.7,0,0.7
Ibrahima Koné,Lorient,0.4,0,0.4
Carlos Soler,Paris Saint-Germain,0.5,0.1,0.4
Yuito Suzuki,Strasbourg,0,0,0
Hugo Magnetti,Brest,0.4,0.1,0.3
Mehdi Zeffane,Clermont Foot,0.5,0.1,0.4
Stéphane Diarra,Lorient,0.4,0,0.4
Mathias Pereira Lage,Brest,0.6,0.1,0.5
Jim Allevinah,Clermont Foot,0.5,0.1,0.4
Wesley Saïd,Lens,0.3,0,0.3
Léo Leroy,Montpellier,0.4,0.1,0.3
Achraf Dari,Brest,0.1,0,0.1
Kays Ruiz-Atil,Auxerre,0,0,0
Yasser Larouci,Troyes,0.6,0.1,0.5
Warren Kamanzi,Toulouse,0.5,0,0.5
Myziane Maolida,Reims,0.2,0,0.2
Leny Yoro,Lille,0.1,0,0.1
Fernand Mayembo,AC Ajaccio,0.2,0,0.2
Colin Dagba,Strasbourg,0.6,0,0.6
Bradley Locko,Brest,0.3,0,0.3
Takumi Minamino,Monaco,0.6,0.1,0.4
Eduard Sobol,Strasbourg,0.5,0,0.5
Rudy Kohon,Troyes,0,0,0
Bevic Moussiti-Oko,AC Ajaccio,0.3,0,0.3
Jean-Victor Makengo,Lorient,0.5,0.1,0.5
Gerzino Nyamsi,Strasbourg,0.2,0.1,0.1
Renato Sanches,Paris Saint-Germain,0.4,0,0.4
Jean-Eudes Aholou,Strasbourg,0.3,0,0.3
Yoann Salmier,Troyes,0.2,0,0.2
Mattia Viti,Nice,0,0,0
Wilson Odobert,Troyes,0.7,0.2,0.5
Jere Uronen,Brest,0.2,0.2,0
Rubén Blanco,Marseille,0,0,0
Kevin Volland,Monaco,0.8,0.1,0.7
Dion Lopy,Reims,0.5,0,0.5
Jodel Dossou,Clermont Foot,0.3,0,0.3
Darlin Yongwa,Lorient,0.6,0,0.6
Houssem Aouar,Lyon,0.4,0,0.4
Jean-Claude Billong,Clermont Foot,0,0,0
Miha Blazic,Angers,0,0,0
Logan Costa,Toulouse,0.3,0.2,0.2
Samuel Moutoussamy,Nantes,0.5,0,0.5
Calvin Stengs,Nice,0.3,0,0.3
Adil Rami,Troyes,0.2,0,0.2
Ibrahima Sissoko,Strasbourg,0.4,0,0.4
Cédric Bakambu,Marseille,0.7,0,0.7
Ibrahim Diakité,Reims,0,0,0
Youcef Belaïli,Brest,1.3,0.7,0.7
Soungoutou Magassa,Monaco,0,0,0
Paul Bernardoni,Angers,0,0,0
Julian Jeanvier,Auxerre,0,0,0
Jeff Reine-Adélaïde,Lyon,0.6,0.1,0.5
Lassine Sinayoko,Auxerre,0.7,0,0.7
Pablo Rosario,Nice,0.6,0.1,0.5
Adrien Thomasson,Strasbourg,1.1,0.1,1
Julien Ponceau,Lorient,0.8,0,0.8
Souleyman Doumbia,Angers,0.5,0,0.5
Cyrille Bayala,AC Ajaccio,0.6,0,0.6
Akim Zedadka,Lille,0.6,0.1,0.5
Arbër Zeneli,Reims,1,0.3,0.6
Billal Brahimi,Nice,0.7,0.1,0.6
Oumar Gonzalez,AC Ajaccio,0,0,0
Vincent Sierro,Toulouse,0.7,0.3,0.4
Sacha Delaye,Montpellier,0,0,0
Siriki Dembélé,Auxerre,0.7,0,0.7
Moussa Sissoko,Nantes,0.6,0,0.5
Thierno Baldé,Troyes,0.6,0,0.6
Alexandre Coeff,Auxerre,0.1,0,0.1
Matis Carvalho,Montpellier,0,0,0
Yoann Cathline,Lorient,0.3,0.1,0.2
Ibrahima Niané,Angers,0.5,0,0.5
Abdallah Sima,Angers,0.5,0,0.4
Christophe Hérelle,Brest,0.2,0.1,0.1
Brayann Pereira,Auxerre,0,0,0
Birger Meling,Rennes,0.3,0,0.3
Wout Faes,Reims,0.3,0,0.3
Bamba Dieng,Marseille,0.2,0.1,0.1
Adrien Hunou,Angers,0.5,0.1,0.5
Cédric Hountondji,Angers,0.1,0,0.1
Vítinha,Marseille,0.2,0,0.2
Eric Bailly,Marseille,0,0,0
Tanguy Zoukrou,Troyes,0.1,0,0.1
Pierrick Capelle,Angers,0.5,0.1,0.4
Romain Faivre,Lyon,0.6,0.2,0.4
Franci Bouebari,Strasbourg,0.5,0,0.5
Ismaël Diallo,AC Ajaccio,0.3,0.1,0.2
Batista Mendy,Angers,0.5,0.1,0.4
Amine Salama,Angers,0.4,0,0.4
Mitchell van Bergen,Reims,0.7,0.1,0.5
Amine Gouiri,Nice,1,0.7,0.3
Mickaël Alphonse,AC Ajaccio,0.4,0.2,0.3
Moussa Diarra,Toulouse,0.3,0,0.3
Denis Genreau,Toulouse,0.3,0,0.3
Rémy Descamps,Nantes,0,0,0
Jeff Reine-Adélaïde,Troyes,0.3,0,0.3
João Victor,Nantes,0.3,0.1,0.2
Komnen Andric,Clermont Foot,0.4,0.1,0.4
Ruben Aguilar,Monaco,0.2,0,0.2
Maxime Busi,Reims,0.3,0,0.3
Khalil Fayad,Montpellier,0.5,0.1,0.4
Dennis Appiah,Nantes,0.3,0.1,0.2
Bonke Innocent,Lorient,0.2,0,0.2
Erik Palmer-Brown,Troyes,0.2,0,0.2
Amin Sarr,Lyon,0.3,0,0.3
Timothée Pembélé,Paris Saint-Germain,0.4,0,0.4
Florent Ogier,Clermont Foot,0.2,0,0.2
Nordine Kandil,Strasbourg,0.3,0,0.3
Jérôme Boateng,Lyon,0.1,0,0.1
Gauthier Hein,Auxerre,0.8,0.2,0.6
Azzedine Ounahi,Marseille,0.1,0.1,0
Arnaud Souquet,Montpellier,0.3,0,0.3
Thomas Mangani,AC Ajaccio,1,0.5,0.5
Moussa Dembélé,Lyon,0.2,0,0.2
Benoît Costil,Auxerre,0,0,0
Alexis Beka Beka,Nice,0.2,0.1,0.1
Enzo Tchato,Montpellier,0.2,0.1,0.1
Marcus Coco,Nantes,0.4,0,0.4
Malang Sarr,Monaco,0.1,0,0.1
Romain Hamouma,AC Ajaccio,0.7,0.1,0.6
Papa Ndiaga Yade,Troyes,0.7,0.1,0.6
Farid El Melali,Angers,0.2,0.1,0.2
M'Baye Niang,Auxerre,0.3,0,0.2
Warren Zaïre-Emery,Paris Saint-Germain,0.2,0,0.2
Gelson Martins,Monaco,0.3,0,0.3
Mamadou Sakho,Montpellier,0.1,0,0.1
Julien Le Cardinal,Lens,0.5,0.1,0.4
Clément Vidal,AC Ajaccio,0,0,0
Ibrahim Salah,Rennes,0.5,0,0.5
Myron Boadu,Monaco,0.3,0,0.3
Youssouf M'Changama,Auxerre,0.4,0.1,0.3
Mohamed Bayo,Lille,0.4,0,0.4
Eliot Matazo,Monaco,0.1,0,0.1
Ayoub Amraoui,Nice,0.3,0,0.3
Maghnes Akliouche,Monaco,0.5,0,0.5
Steven Fortès,Lens,0,0,0
Andy Delort,Nantes,0.8,0,0.8
Jérémie Bela,Clermont Foot,0.2,0.1,0.1
Ismail Jakobs,Monaco,0.4,0.1,0.3
Yanis Cimignani,AC Ajaccio,0.4,0,0.4
Fallou Fall,Reims,0,0,0
Kévin Danois,Auxerre,0,0,0
Carlos Baleba,Lille,0.1,0,0.1
Sada Thioub,Angers,0.6,0.1,0.5
Andreas Bruus,Troyes,0.8,0.1,0.7
Rares Ilie,Nice,0.5,0,0.5
Kevin Spadanuda,AC Ajaccio,0.4,0,0.4
Sébastien Corchia,Nantes,0.2,0,0.2
Benjamin Leroy,AC Ajaccio,0,0,0
Marcin Bulka,Nice,0,0,0
Siriné Doucouré,Lorient,0.4,0,0.4
Ismaël Boura,Lens,0.1,0,0.1
Pablo Sarabia,Paris Saint-Germain,0.7,0.2,0.5
Alexis Claude-Maurice,Nice,0.5,0,0.5
Ibrahim Amadou,Angers,0.1,0,0.1
Oliver Zandén,Toulouse,0.4,0,0.4
Souleymane Cissé,Clermont Foot,0,0,0
Islam Slimani,Brest,0.8,0,0.8
Charles Traoré,Nantes,0.2,0,0.2
Mathieu Coutadeur,AC Ajaccio,0.4,0.1,0.3
Riad Nouri,AC Ajaccio,0.8,0.3,0.5
Ruan,AC Ajaccio,0.3,0,0.3
Arial Mendy,Clermont Foot,0.2,0,0.2
Taïryk Arconte,Brest,0.5,0,0.5
Valère Germain,Montpellier,0.2,0,0.2
Matthis Abline,Auxerre,0.3,0,0.3
Halid Sabanovic,Angers,0.1,0,0.1
Lebo Mothiba,Strasbourg,0.1,0,0.1
Ado Onaiwu,Toulouse,0.2,0,0.2
Lukasz Poreba,Lens,0.5,0.1,0.4
Matthis Abline,Rennes,0.2,0,0.2
Jonas Martin,Lille,0.3,0,0.3
Ayman Kari,Lorient,0.2,0,0.2
Lois Diony,Angers,0.5,0.1,0.4
Abdoulaye Bamba,Angers,0.2,0,0.1
Gaëtan Charbonnier,Auxerre,0.5,0,0.5
Iké Ugbo,Troyes,0.1,0,0.1
Serhou Guirassy,Rennes,2,0,2
Lorenz Assignon,Rennes,0.1,0,0.1
Mehdi Puch-Herrantz,AC Ajaccio,0.5,0.3,0.3
Fábio,Nantes,0.7,0.2,0.5
Ismaël Gharbi,Paris Saint-Germain,0,0,0
Karol Fila,Strasbourg,0,0,0
Tony Strata,AC Ajaccio,0.3,0,0.3
Cédric Avinel,AC Ajaccio,0,0,0
Theocharis Tsingaras,Toulouse,1,0,1
Justin-Noel Kalumba,Angers,0.3,0,0.3
Gaël Kakuta,Lens,0,0,0
Amar Fatah,Troyes,0,0,0
Joe Bryan,Nice,0.2,0,0.2
Marin Jakolis,Angers,0,0,0
Martin Adeline,Reims,0,0,0
Kyliane Dong,Troyes,0.3,0.2,0.2
Flavius Daniliuc,Nice,0.5,0.5,0
Théo Pellenard,Auxerre,0,0,0
Lohann Doucet,Nantes,0.1,0.1,0
Qazim Laçi,AC Ajaccio,0.3,0.3,0
Derek Mazou-Sacko,Troyes,0,0,0
Antonin Bobichon,Angers,0.3,0.3,0
Axel Camblan,Brest,0.3,0,0.3
Ousmane Camara,Angers,0,0,0
Adil Aouchiche,Lorient,0.1,0,0.1
Duje Caleta-Car,Marseille,0,0,0
Rémy Dugimont,Auxerre,0.3,0,0.3
Mohamed Achi,Nantes,0.5,0,0.5
Alexis Tibidi,Troyes,0,0,0
Ben Touré,AC Ajaccio,0,0,0
Samuel Koeberlé,Reims,0,0,0
Yanis Massolin,Clermont Foot,0,0,0
Waniss Taïbi,Angers,0.1,0,0.1
Chrislain Matsima,Lorient,0,0,0
Stredair Appuah,Nantes,0.6,0,0.6
Ivane Chegra,AC Ajaccio,0.2,0.2,0
Noah Holm,Reims,0.4,0,0.4
Félix Lemaréchal,Brest,0.5,0.2,0.3
Mamadou Diakhon,Reims,0,0,0
Ilyés Chétti,Angers,0.2,0,0.2
Jean-Mattéo Bahoya,Angers,0.3,0,0.3
Brandon Baiye,Clermont Foot,0.1,0,0.1
Eli Kroupi,Lorient,0,0,0
Marvin Senaya,Strasbourg,0,0,0
Rémy Labeau-Lascary,Lens,0.2,0,0.2
Marlos Moreno,Troyes,0,0,0
El Chadaille Bitshiabu,Paris Saint-Germain,0.1,0,0.1
Veljko Birmancevic,Toulouse,0.1,0,0.1
Valentin Atangana Edoa,Reims,0.4,0,0.4
Tristan Dingomé,Troyes,0.5,0.1,0.4
Dogan Alemdar,Rennes,0.2,0.2,0
Mohamed Touré,Reims,0.3,0,0.3
Kaj Sierhuis,Reims,0,0,0
Abdoul Kader Bamba,Nantes,0.2,0,0.2
Patrick Pentz,Reims,0,0,0
Jean Botué,AC Ajaccio,0.4,0,0.4
Hianga'a M'Bock,Brest,0,0,0
Naatan Skyttä,Toulouse,0,0,0
Baïla Diallo,Clermont Foot,0,0,0
Alan Virginius,Lille,0.1,0,0.1
Nathanaël Mbuku,Reims,0,0,0
Zinédine Ould Khaled,Angers,0,0,0
Ousmane Camara,Auxerre,0.3,0,0.3
Moussa Soumano,AC Ajaccio,0.4,0,0.4
Ilyes Housni,Paris Saint-Germain,0,0,0
Guela Doué,Rennes,0,0,0
Béni Makouana,Montpellier,0.1,0,0.1
Karamoko Dembélé,Brest,0.2,0.1,0.1
Sérigné Faye,Montpellier,0,0,0
Mamadou Sarr,Lyon,0,0,0
Florian Chabrolle,AC Ajaccio,0,0,0
Irvin Cardona,Brest,0.3,0,0.3
Rafik Guitane,Reims,0,0,0
Thibault Tamas,Montpellier,0,0,0
Alberth Elis,Brest,0.3,0,0.3
El Bilal Touré,Reims,0.7,0,0.7
Jason Berthomier,Clermont Foot,0,0,0
Alan Do Marcolino,Rennes,0,0,0
Kévin Keben,Toulouse,0.2,0,0.2
Christopher Wooh,Lens,0,0,0
Isaak Touré,Marseille,0,0,0
Yanis Begraoui,Toulouse,0.7,0,0.7
Saïd Hamulic,Toulouse,0.2,0.2,0
Alexandre Letellier,Paris Saint-Germain,0,0,0
Amine Messoussa,Lille,0,0,0
Andréa Dacourt,Nice,0,0,0
Axel Gueguin,Montpellier,0,0,0
Mohamed El Arouch,Lyon,0,0,0
Paolo Lebas,AC Ajaccio,0,0,0
Romain Salin,Rennes,0,0,0
Simon Ramet,Lille,0,0,0
Théo Trinker,Nice,0,0,0
Danel Dongmo,Troyes,0,0,0
Yoann Touzghar,AC Ajaccio,0.1,0,0.1
Adrian Grbic,Lorient,0,0,0
Ignatius Ganago,Lens,0,0,0
Adam Buksa,Lens,0.1,0,0.1
Moussa Djitté,AC Ajaccio,0.2,0,0.2
Patrick Berg,Lens,0.3,0.3,0
Anthony Khelifa,AC Ajaccio,0,0,0
Dany Jean,Strasbourg,0.5,0,0.5
Jason Mbock,Angers,0.5,0,0.5
Salim Ben Seghir,Marseille,0,0,0
François Mughe,Marseille,0,0,0
François-Joseph Sollacaro,AC Ajaccio,0,0,0
Ouparine Djoco,Clermont Foot,0,0,0
Mathis Hamdi,Troyes,0,0,0
Pedro Mendes,Montpellier,0,0,0
Léo Jardim,Lille,0,0,0
Christian Mawissa,Toulouse,0,0,0
